file,duckdbparse_metric_ground_truth,duckdbparse_strict_ground_truth,duckdbparse_matched_ground_truth,duckdbparse_correct,duckdbparse_wrong,duckdbparse_evaluation_error,duckdbparse_success,duckdbparse_header_precision,duckdbparse_header_recall,duckdbparse_header_f1,duckdbparse_record_precision,duckdbparse_record_recall,duckdbparse_record_f1,duckdbparse_cell_precision,duckdbparse_cell_recall,duckdbparse_cell_f1
combo__more_columns_row_10_col_4__mixed_delimiters_within_row_row_11_range_3_0x3B.csv,canonical,,,0,1,,1,1.0,1.0,1.0,0.9879518072289156,0.9879518072289156,0.9879518072289156,0.996031746031746,0.996031746031746,0.996031746031746
combo__move_header_row5__preamble_2_raw_empty_row.csv,canonical,,,0,1,,1,1.0,1.0,1.0,0.9879518072289156,0.9879518072289156,0.9879518072289156,0.9880952380952381,0.9880952380952381,0.9880952380952381
combo__move_header_row5__preamble_2_raw_empty_row__footnote_2_blank_line.csv,canonical,,,0,1,,1,1.0,1.0,1.0,0.9879518072289156,0.9647058823529412,0.9761904761904762,0.9894179894179894,0.9664082687338501,0.9777777777777779
combo__multiline_header_rows_3__footnote_2_blank_line.csv,canonical,,,0,1,,1,0.0,0.0,0.0,0.0,0.0,0.0,0.4470899470899471,0.9825581395348837,0.6145454545454546
combo__multiline_header_rows_3__mixed_delimiters_within_row_row_4_range_3_0x3B__footnote_2_blank_line.csv,canonical,,,0,1,,1,0.0,0.0,0.0,0.0,0.0,0.0,0.44576719576719576,0.9796511627906976,0.6127272727272727
combo__row_quotation_mark_2_0x27__mixed_delimiters_within_row_row_2_range_3_0x3B.csv,canonical,,,0,1,,1,1.0,1.0,1.0,0.9879518072289156,0.9879518072289156,0.9879518072289156,0.9920634920634921,0.9920634920634921,0.9920634920634921
file_commented_row_41.csv,canonical,canonical,canonical,1,0,,1,1.0,1.0,1.0,1.0,1.0,1.0,1.0,1.0,1.0
file_commented_row_49.csv,canonical,canonical,canonical,1,0,,1,1.0,1.0,1.0,1.0,1.0,1.0,1.0,1.0,1.0
file_commented_row_56.csv,canonical,canonical,canonical,1,0,,1,1.0,1.0,1.0,1.0,1.0,1.0,1.0,1.0,1.0
file_double_escaping_backslash_row_3_col_7.csv,canonical,,,0,1,,1,1.0,1.0,1.0,0.9879518072289156,0.9879518072289156,0.9879518072289156,0.996031746031746,0.996031746031746,0.996031746031746
file_double_escaping_double_quote_row_2_col_7.csv,canonical,canonical,canonical,1,0,,1,1.0,1.0,1.0,1.0,1.0,1.0,1.0,1.0,1.0
file_double_trailing_newline.csv,canonical,canonical,canonical,1,0,,1,1.0,1.0,1.0,1.0,1.0,1.0,1.0,1.0,1.0
file_embedded_json_cell_2_1_len_4.csv,canonical,,,0,1,,1,1.0,1.0,1.0,1.0,1.0,1.0,1.0,0.996031746031746,0.9980119284294234
file_escape_char_0x00.csv,canonical,,,0,1,,1,1.0,1.0,1.0,0.927710843373494,0.927710843373494,0.927710843373494,0.9775132275132276,0.9775132275132276,0.9775132275132276
file_escape_char_0x5C.csv,canonical,canonical,canonical,1,0,,1,1.0,1.0,1.0,1.0,1.0,1.0,1.0,1.0,1.0
file_excel_formulas.csv,canonical,canonical,canonical,1,0,,1,1.0,1.0,1.0,1.0,1.0,1.0,1.0,1.0,1.0
file_extremely_long_field_row_3_col_6_len_10000.csv,canonical,canonical,canonical,1,0,,1,1.0,1.0,1.0,1.0,1.0,1.0,1.0,1.0,1.0
file_field_delimiter_0x20.csv,canonical,,,0,1,,1,1.0,1.0,1.0,0.40963855421686746,0.40963855421686746,0.4096385542168675,0.8187830687830688,0.8187830687830688,0.8187830687830688
file_field_delimiter_0x2C_0x20.csv,canonical,canonical,canonical,1,0,,1,1.0,1.0,1.0,1.0,1.0,1.0,1.0,1.0,1.0
file_field_delimiter_0x3B.csv,canonical,canonical,canonical,1,0,,1,1.0,1.0,1.0,1.0,1.0,1.0,1.0,1.0,1.0
file_field_delimiter_0x9.csv,canonical,canonical,canonical,1,0,,1,1.0,1.0,1.0,1.0,1.0,1.0,1.0,1.0,1.0
file_footnote_1.csv,canonical,,,0,1,,1,1.0,1.0,1.0,1.0,0.9880952380952381,0.9940119760479043,1.0,0.9882352941176471,0.9940828402366864
file_footnote_3.csv,canonical,,,0,1,,1,1.0,1.0,1.0,1.0,0.9651162790697675,0.9822485207100593,1.0,0.9655172413793104,0.9824561403508771
file_footnote_3_blank_line.csv,canonical,,,0,1,,1,1.0,1.0,1.0,1.0,0.9651162790697675,0.9822485207100593,1.0,0.9655172413793104,0.9824561403508771
file_header_multirow_2.csv,canonical,canonical,canonical,1,0,,1,1.0,1.0,1.0,1.0,1.0,1.0,1.0,1.0,1.0
file_header_multirow_3.csv,canonical,canonical,canonical,1,0,,1,1.0,1.0,1.0,1.0,1.0,1.0,1.0,1.0,1.0
file_header_only.csv,canonical,canonical,canonical,1,0,,1,1.0,1.0,1.0,1.0,1.0,1.0,1.0,1.0,1.0
file_less_columns_deleted_value_row_26_col_5.csv,rectangular_missing_value,,,0,1,,1,1.0,1.0,1.0,1.0,1.0,1.0,1.0,1.0,1.0
file_less_columns_deleted_value_row_40_col_1.csv,rectangular_missing_value,,,0,1,,1,1.0,1.0,1.0,1.0,1.0,1.0,1.0,1.0,1.0
file_less_columns_deleted_value_row_45_col_7.csv,rectangular_missing_value,rectangular_missing_value,rectangular_missing_value,1,0,,1,1.0,1.0,1.0,1.0,1.0,1.0,1.0,1.0,1.0
file_less_columns_deleted_value_row_57_col_1.csv,rectangular_missing_value,,,0,1,,1,1.0,1.0,1.0,1.0,1.0,1.0,1.0,1.0,1.0
file_less_columns_deleted_value_row_70_col_3.csv,rectangular_missing_value,,,0,1,,1,1.0,1.0,1.0,1.0,1.0,1.0,1.0,1.0,1.0
file_mixed_delimiters_whole_row_row_13_0x3B.csv,recovered_original_table,,,0,1,,1,1.0,1.0,1.0,0.9879518072289156,0.9879518072289156,0.9879518072289156,0.9894179894179894,0.9894179894179894,0.9894179894179894
file_mixed_delimiters_within_row_row_13_range_1_0x3B.csv,recovered_original_table,,,0,1,,1,1.0,1.0,1.0,0.9879518072289156,0.9879518072289156,0.9879518072289156,0.9973544973544973,0.9973544973544973,0.9973544973544973
file_mixed_delimiters_within_row_row_13_range_3_0x3B.csv,recovered_original_table,,,0,1,,1,1.0,1.0,1.0,0.9879518072289156,0.9879518072289156,0.9879518072289156,0.9947089947089947,0.9947089947089947,0.9947089947089947
file_mixed_time_formats_day_month_year.csv,temporal_values_as_strings,temporal_values_as_strings,temporal_values_as_strings,1,0,,1,1.0,1.0,1.0,1.0,1.0,1.0,1.0,1.0,1.0
file_mixed_time_formats_iso_8601.csv,temporal_values_as_strings,temporal_values_as_strings,temporal_values_as_strings,1,0,,1,1.0,1.0,1.0,1.0,1.0,1.0,1.0,1.0,1.0
file_mixed_time_formats_long_month_name.csv,temporal_values_as_strings,temporal_values_as_strings,temporal_values_as_strings,1,0,,1,1.0,1.0,1.0,1.0,1.0,1.0,1.0,1.0,1.0
file_mixed_time_formats_long_month_name_unquoted.csv,temporal_values_as_strings,,,0,1,,1,1.0,1.0,1.0,0.5060240963855421,0.5060240963855421,0.5060240963855421,0.8915343915343915,0.8915343915343915,0.8915343915343915
file_mixed_time_formats_month_day_year.csv,temporal_values_as_strings,temporal_values_as_strings,temporal_values_as_strings,1,0,,1,1.0,1.0,1.0,1.0,1.0,1.0,1.0,1.0,1.0
file_more_columns_row_34_col_1.csv,canonical,,,0,1,,1,1.0,1.0,1.0,1.0,1.0,1.0,0.9986789960369881,1.0,0.9993390614672836
file_more_columns_row_39_col_8.csv,canonical,,,0,1,,1,1.0,1.0,1.0,1.0,1.0,1.0,0.9986789960369881,1.0,0.9993390614672836
file_more_columns_row_72_col_5.csv,canonical,,,0,1,,1,1.0,1.0,1.0,1.0,1.0,1.0,0.9986789960369881,1.0,0.9993390614672836
file_more_columns_row_79_col_7.csv,canonical,,,0,1,,1,1.0,1.0,1.0,1.0,1.0,1.0,0.9986789960369881,1.0,0.9993390614672836
file_more_columns_row_9_col_6.csv,canonical,,,0,1,,1,1.0,1.0,1.0,1.0,1.0,1.0,0.9986789960369881,1.0,0.9993390614672836
file_move_header_row8.csv,canonical,,,0,1,,1,1.0,1.0,1.0,0.9879518072289156,0.9879518072289156,0.9879518072289156,0.9880952380952381,0.9880952380952381,0.9880952380952381
file_multiline_header_rows_3.csv,canonical,,,0,1,,1,1.0,0.75,0.8571428571428571,0.0,0.0,0.0,0.44666666666666666,0.9970238095238095,0.6169429097605893
file_no_header.csv,canonical,,,0,1,,1,0.0,0.0,0.0,1.0,0.9879518072289156,0.993939393939394,1.0,0.9880952380952381,0.9940119760479043
file_no_payload.csv,canonical,,,0,1,,1,1.0,1.0,1.0,1.0,1.0,1.0,1.0,1.0,1.0
file_no_trailing_newline.csv,canonical,canonical,canonical,1,0,,1,1.0,1.0,1.0,1.0,1.0,1.0,1.0,1.0,1.0
file_num_columns_1000.csv,canonical,canonical,canonical,1,0,,1,1.0,1.0,1.0,1.0,1.0,1.0,1.0,1.0,1.0
file_num_columns_pad_randints_1000.csv,canonical,canonical,canonical,1,0,,1,1.0,1.0,1.0,1.0,1.0,1.0,1.0,1.0,1.0
file_num_rows_50000_repeat_file.csv,canonical,canonical,canonical,1,0,,1,1.0,1.0,1.0,1.0,1.0,1.0,1.0,1.0,1.0
file_one_data_row.csv,canonical,canonical,canonical,1,0,,1,1.0,1.0,1.0,1.0,1.0,1.0,1.0,1.0,1.0
file_preamble.csv,canonical,canonical,canonical,1,0,,1,1.0,1.0,1.0,1.0,1.0,1.0,1.0,1.0,1.0
file_quotation_char_0x27.csv,canonical,canonical,canonical,1,0,,1,1.0,1.0,1.0,1.0,1.0,1.0,1.0,1.0,1.0
file_quotation_char_none.csv,canonical,,,0,1,,1,1.0,1.0,1.0,0.12048192771084337,0.12048192771084337,0.12048192771084337,0.7103174603174603,0.7103174603174603,0.7103174603174603
file_record_delimiter_0xA.csv,canonical,canonical,canonical,1,0,,1,1.0,1.0,1.0,1.0,1.0,1.0,1.0,1.0,1.0
file_record_delimiter_0xD.csv,canonical,canonical,canonical,1,0,,1,1.0,1.0,1.0,1.0,1.0,1.0,1.0,1.0,1.0
file_superheader_sparse_transaction_info_cols_0-1-2_group_product_info_cols_3-4-5-6-7_group_notes_cols_8.csv,without_superheader,,,0,1,,1,1.0,1.0,1.0,1.0,0.9880952380952381,0.9940119760479043,1.0,0.9882352941176471,0.9940828402366864
file_superheader_whitespace_aligned_columns_transaction_info_cols_0-1-2_group_product_info_cols_3-4-5-6-7_group_notes_cols_8.csv,without_superheader,,,0,1,,1,1.0,1.0,1.0,0.0,0.0,0.0,0.45105820105820105,0.44575163398692813,0.44838921761998685
file_unescaped_multiline_string_row_2_col_7.csv,canonical,,,0,1,,1,1.0,1.0,1.0,0.9879518072289156,0.9761904761904762,0.9820359281437125,0.9986772486772487,0.9869281045751634,0.9927679158448389
file_unquoted_lists_row_9_col_6.csv,canonical,,,0,1,,1,1.0,1.0,1.0,0.9879518072289156,0.9879518072289156,0.9879518072289156,0.9947089947089947,0.9947089947089947,0.9947089947089947
file_whitespace_delimiter_cells_quoted_empty_last_column_padded.csv,canonical,,,0,1,,1,1.0,1.0,1.0,0.0,0.0,0.0,0.5608465608465608,0.5608465608465608,0.5608465608465608
file_whitespace_delimiter_cells_quoted_padded.csv,canonical,,,0,1,,1,1.0,1.0,1.0,0.0,0.0,0.0,0.5608465608465608,0.5608465608465608,0.5608465608465608
file_whitespace_delimiter_cells_quoted_unpadded.csv,canonical,canonical,canonical,1,0,,1,1.0,1.0,1.0,1.0,1.0,1.0,1.0,1.0,1.0
file_whitespace_delimiter_cells_unquoted_padded.csv,canonical,,,0,1,,1,1.0,1.0,1.0,0.0,0.0,0.0,0.671957671957672,0.671957671957672,0.671957671957672
row_quotation_mark_12_0x27.csv,canonical,,,0,1,,1,1.0,1.0,1.0,0.9879518072289156,0.9879518072289156,0.9879518072289156,0.9947089947089947,0.9947089947089947,0.9947089947089947
source.csv,canonical,canonical,canonical,1,0,,1,1.0,1.0,1.0,1.0,1.0,1.0,1.0,1.0,1.0
