DATE,TIME,Qty,PRODUCTID,PriceProductType,ProductDescription,URL,Comments
28/01/2018,00:00,2,MG-8769,$74.69,Men's Waterproof Hiking Boots,https://www.example.com/product/MG_8769.html,
29/01/2018,00:15,0,RI-3895,$29.81,Light-Up Running Jacket,https://www.example.com/product/RI_3895.html,
30/01/2018,00:30,1,RI-8070,$80.08,Men's Ventilated Trail Shoes,https://www.example.com/product/RI_8070.html,
31/01/2018,00:45,1,RI-9546,$25.55,Switch Fly Rods,https://www.example.com/product/RI_9546.html,
13/02/2018,01:00,9,CC-9259,$48.00,"Throw Pillow, Wooden Paddles",https://www.example.com/product/CC_9259.html,
14/02/2018,01:15,1,CC-1697,$34.22,Men's Heavy-Duty Suspenders,https://www.example.com/product/CC_1697.html,
15/02/2018,01:30,2,RI-6052,$89.34,Organic Textured Cotton Towel,https://www.example.com/product/RI_6052.html,
16/02/2018,01:45,2,YY-3522,$19.34,"Cycling Jersey, Short-Sleeve",https://www.example.com/product/YY_3522.html,
17/02/2018,02:00,0,YY-5315,$45.39,"Men's Silk Underwear, Crewneck",https://www.example.com/product/YY_5315.html,
18/02/2018,02:15,2,BH-9827,$78.07,"All-Weather Dining Table, Round 48""",https://www.example.com/product/BH_9827.html,
19/02/2018,02:30,1,BH-7885,$52.45,Women's No-Show Socks,https://www.example.com/product/BH_7885.html,
20/02/2018,02:45,1,BH-7531,$48.08,Women's  Fly Rod 8 Wt.,https://www.example.com/product/BH_7531.html,
21/02/2018,03:00,3,BH-3190,$65.38,Men's Down Vest,https://www.example.com/product/BH_3190.html,
22/02/2018,03:15,3,HK-3372,$6.45,Tropic Cap,https://www.example.com/product/HK_3372.html,
23/02/2018,03:30,1,HK-5716,$46.01,Women's 3-in-1 Jacket,https://www.example.com/product/HK_5716.html,
24/02/2018,03:45,1,AN-5096,$33.83,"Organic Cotton Oxford Shirt, Plaid",https://www.example.com/product/AN_5096.html,
25/02/2018,04:00,3,AN-8641,$65.18,Kids' Good Mocs,https://www.example.com/product/AN_8641.html,
26/02/2018,04:15,2,ZN-4777,$34.14,"Kids' Sweater Fleece, Hooded",https://www.example.com/product/ZN_4777.html,
27/02/2018,04:30,0,ZN-2049,$83.32,"Women's Hikers, Low Ventilated",https://www.example.com/product/ZN_2049.html,
28/02/2018,04:45,3,GN-5043,$69.07,"Women's Comfort Cycling Jersey, Short-Sleeve",https://www.example.com/product/GN_5043.html,
13/03/2018,05:00,0,GN-9860,$24.86,"Men's Boxer, 5"" Inseam",https://www.example.com/product/GN_9860.html,
14/03/2018,05:15,1,YY-2600,$90.99,"Kids' Mountain Bike, 24""",https://www.example.com/product/YY_2600.html,
15/03/2018,05:30,1,YY-4017,$69.52,Leather Sofa,https://www.example.com/product/YY_4017.html,
16/03/2018,05:45,1,RI-9156,$53.62,Girls' Waterproof 3-in-1 Jacket,https://www.example.com/product/RI_9156.html,
17/03/2018,06:00,1,RI-9121,$9.81,Women's No-Show Socks,https://www.example.com/product/RI_9121.html,
18/03/2018,06:15,1,RI-7338,$43.53,Kids' Hat,https://www.example.com/product/RI_7338.html,
19/03/2018,06:30,0,ZN-6172,$30.79,Men's Snowshoes Set,https://www.example.com/product/ZN_6172.html,
20/03/2018,06:45,0,YY-2057,$43.4,"Tippet Material, Pro Freshwater",https://www.example.com/product/YY_2057.html,
21/03/2018,07:00,1,BH-5486,$0.91,Women's Wet Suit,https://www.example.com/product/BH_5486.html,
22/03/2018,07:15,3,BH-1732,$65.46,"Waterproof Boots, Tall",https://www.example.com/product/BH_1732.html,
24/03/2018,07:45,0,BH-4480,$51.42,Heated Insoles,https://www.example.com/product/BH_4480.html,
25/03/2018,08:00,0,BH-1061,$62.55,"Base Layer, Pants",https://www.example.com/product/BH_1061.html,
26/03/2018,08:15,2,ON-7017,$0.9,"Quarter-Zip Hoodie, Camo",https://www.example.com/product/ON_7017.html,
27/03/2018,08:30,3,ON-1026,$20.65,"Tee, Traditional Fit, Short-Sleeve",https://www.example.com/product/ON_1026.html,
28/03/2018,08:45,4,AN-6109,$18.58,Kids' Pullover,https://www.example.com/product/AN_6109.html,
29/03/2018,09:00,3,AN-9272,$57.75,Women's Essential Running Vest,https://www.example.com/product/AN_9272.html,
30/03/2018,09:15,0,AN-1646,$78.74,"Rolling Duffle, Extra-Large",https://www.example.com/product/AN_1646.html,
31/03/2018,09:30,0,AN-9388,$64.02,"Linen Shirt, Slightly Fitted Short-Sleeve Stripe",https://www.example.com/product/AN_9388.html,
13/04/2018,11:00,4,YY-9611,$3.79,"Women's Hunting Shoes, 10""",https://www.example.com/product/YY_9611.html,
14/04/2018,11:15,12,RI-1639,$25.14,"Men's Loafers, Leather/Nubuck",https://www.example.com/product/RI_1639.html,
16/04/2018,11:45,15,RI-3655,$45.12,Kids' Sneaker,https://www.example.com/product/RI_3655.html,
17/04/2018,12:00,16,CC-5271,$38.81,"Kids' Shirt, Short Sleeve, Graphic",https://www.example.com/product/CC_5271.html,
18/04/2018,12:15,9,CC-9916,$75.06,Men's Biking Shorts,https://www.example.com/product/CC_9916.html,
19/04/2018,12:30,9,YY-7121,$67.64,Backpacking Stove Kit,https://www.example.com/product/YY_7121.html,
20/04/2018,12:45,15,YY-8954,$64.19,"Travel Lock, Combination Cable",https://www.example.com/product/YY_8954.html,
21/04/2018,13:00,8,YY-8239,$72,Men's Boots,https://www.example.com/product/YY_8239.html,
23/04/2018,13:30,26,BH-2268,$43.61,Men's Shorts,https://www.example.com/product/BH_2268.html,
25/04/2018,14:00,16,BH-4482,$53.95,Portable Game Center,https://www.example.com/product/BH_4482.html,
26/04/2018,14:15,22,HK-4191,$3.35,"Women's Waterproof Hiking Boots, Leather Mesh",https://www.example.com/product/HK_4191.html,
29/04/2018,15:00,30,AN-5829,$2.86,Women's Booties,https://www.example.com/product/AN_5829.html,
13/05/2018,18:45,24,BH-7941,$64.17,Cotton/Linen Ragg Sweater,https://www.example.com/product/BH_7941.html,
15/05/2018,19:15,18,HK-8027,$26.62,Camp Stove Bundle with Coffee Press,https://www.example.com/product/HK_8027.html,
18/05/2018,20:00,30,AN-2099,$64.14,Sandals,https://www.example.com/product/AN_2099.html,
19/05/2018,20:15,33,AN-5746,$83.75,"Flannel Tunic, Plaid",https://www.example.com/product/AN_5746.html,
20/05/2018,20:30,16,AN-5136,$39.41,Ragg Wool Hat,https://www.example.com/product/AN_5136.html,
21/05/2018,20:45,21,ZN-5503,$88.45,Coffee Table,https://www.example.com/product/ZN_5503.html,
22/05/2018,21:00,19,ZN-4103,$68.74,Baseball Hat,https://www.example.com/product/ZN_4103.html,
23/05/2018,21:15,2,GN-1741,$48.05,"Beach Chair, Print",https://www.example.com/product/GN_1741.html,
24/05/2018,21:30,1,GN-5567,$26.87,Men's Reversible Jacket,https://www.example.com/product/GN_5567.html,
25/05/2018,21:45,0,GN-3028,$12.98,"Swimwear, Print",https://www.example.com/product/GN_3028.html,
26/05/2018,22:00,2,YY-4147,$11.06,Women's Sandals,https://www.example.com/product/YY_4147.html,
27/05/2018,22:15,0,WH-3118,$31.06,Men's Ear Warmer,https://www.example.com/product/WH_3118.html,
28/05/2018,22:30,1,WH-2859,$72.91,"Tee, Traditional Fit, Long-Sleeve",https://www.example.com/product/WH_2859.html,
30/05/2018,23:00,1,CC-2828,$79.36,"Camp Light, Two-Pack",https://www.example.com/product/CC_2828.html,
31/05/2018,15:30,3,HK-9973,$39.49,Women's Ventilated Hiking Shoes,https://www.example.com/product/HK_9973.html,
21/06/2018,23:15,1,CC-5815,$13.57,Field Watch,https://www.example.com/product/CC_5815.html,
22/06/2018,23:30,1,YY-2632,$27.84,Women's Capris,https://www.example.com/product/YY_2632.html,
23/06/2018,23:45,0,YY-1196,$90.15,Girls' Tee,https://www.example.com/product/YY_1196.html,
24/06/2018,00:00,0,YY-1894,$13.52,"Men's Socks, Two-Pack",https://www.example.com/product/YY_1894.html,
26/06/2018,00:30,0,BH-1861,$82.12,Women's Socks,https://www.example.com/product/BH_1861.html,
27/06/2018,17:15,1,RI-7731,$65.13,"Ceramic Lamp, Stripe",https://www.example.com/product/RI_7731.html,
29/06/2018,10:00,1,ZN-7072,$88.21,Kids' High Handles Boots,https://www.example.com/product/ZN_7072.html,
30/06/2018,10:15,2,GN-1306,$78.95,National Park Patch,https://www.example.com/product/GN_1306.html,
13/07/2018,10:30,1,GN-7767,$25.88,Men's Versatile Tote,https://www.example.com/product/GN_7767.html,
14/07/2018,10:45,0,GN-4624,$24.52,Summer Slip-On Sneakers,https://www.example.com/product/GN_4624.html,
15/07/2018,16:45,20,RI-7676,$7.49,Kids' Hydration Pack,https://www.example.com/product/RI_7676.html,
16/07/2018,17:00,3,RI-5314,$76.26,Fishing Sunglasses,https://www.example.com/product/RI_5314.html,
17/07/2018,16:30,0,YY-7734,$73.42,Havana Hat,https://www.example.com/product/YY_7734.html,
18/07/2018,17:30,1,BH-7744,$56.76,Headlamp,https://www.example.com/product/BH_7744.html,
19/07/2018,17:45,1,YY-8580,$6.31,"Underwear, Print",https://www.example.com/product/YY_8580.html,
20/07/2018,18:00,1,BH-7918,$63.7,Kids' Jumper Hat,https://www.example.com/product/BH_7918.html,
22/07/2018,18:30,1,BH-1085,$85.07,Heated Insoles,https://www.example.com/product/BH_1085.html,
24/07/2018,16:00,6,GN-2043,$23.25,"Men's Boots, 10"" Shearling-Lined",https://www.example.com/product/GN_2043.html,
