file,full_llm_loader_naive_qwen3_4_0_8b_metric_ground_truth,full_llm_loader_naive_qwen3_4_0_8b_strict_ground_truth,full_llm_loader_naive_qwen3_4_0_8b_matched_ground_truth,full_llm_loader_naive_qwen3_4_0_8b_correct,full_llm_loader_naive_qwen3_4_0_8b_wrong,full_llm_loader_naive_qwen3_4_0_8b_evaluation_error,full_llm_loader_naive_qwen3_4_0_8b_success,full_llm_loader_naive_qwen3_4_0_8b_header_precision,full_llm_loader_naive_qwen3_4_0_8b_header_recall,full_llm_loader_naive_qwen3_4_0_8b_header_f1,full_llm_loader_naive_qwen3_4_0_8b_record_precision,full_llm_loader_naive_qwen3_4_0_8b_record_recall,full_llm_loader_naive_qwen3_4_0_8b_record_f1,full_llm_loader_naive_qwen3_4_0_8b_cell_precision,full_llm_loader_naive_qwen3_4_0_8b_cell_recall,full_llm_loader_naive_qwen3_4_0_8b_cell_f1
combo__more_columns_row_10_col_4__mixed_delimiters_within_row_row_11_range_3_0x3B.csv,,,,0,1,,0,0.0,0.0,0.0,0.0,0.0,0.0,0.0,0.0,0.0
combo__move_header_row5__preamble_2_raw_empty_row.csv,,,,0,1,,0,0.0,0.0,0.0,0.0,0.0,0.0,0.0,0.0,0.0
combo__move_header_row5__preamble_2_raw_empty_row__footnote_2_blank_line.csv,,,,0,1,,0,0.0,0.0,0.0,0.0,0.0,0.0,0.0,0.0,0.0
combo__multiline_header_rows_3__footnote_2_blank_line.csv,,,,0,1,,0,0.0,0.0,0.0,0.0,0.0,0.0,0.0,0.0,0.0
combo__multiline_header_rows_3__mixed_delimiters_within_row_row_4_range_3_0x3B__footnote_2_blank_line.csv,,,,0,1,,0,0.0,0.0,0.0,0.0,0.0,0.0,0.0,0.0,0.0
combo__row_quotation_mark_2_0x27__mixed_delimiters_within_row_row_2_range_3_0x3B.csv,,,,0,1,,0,0.0,0.0,0.0,0.0,0.0,0.0,0.0,0.0,0.0
file_commented_row_41.csv,,,,0,1,,0,0.0,0.0,0.0,0.0,0.0,0.0,0.0,0.0,0.0
file_commented_row_49.csv,,,,0,1,,0,0.0,0.0,0.0,0.0,0.0,0.0,0.0,0.0,0.0
file_commented_row_56.csv,,,,0,1,,0,0.0,0.0,0.0,0.0,0.0,0.0,0.0,0.0,0.0
file_double_escaping_backslash_row_3_col_7.csv,,,,0,1,,0,0.0,0.0,0.0,0.0,0.0,0.0,0.0,0.0,0.0
file_double_escaping_double_quote_row_2_col_7.csv,,,,0,1,,0,0.0,0.0,0.0,0.0,0.0,0.0,0.0,0.0,0.0
file_double_trailing_newline.csv,,,,0,1,,0,0.0,0.0,0.0,0.0,0.0,0.0,0.0,0.0,0.0
file_embedded_json_cell_2_1_len_4.csv,,,,0,1,,0,0.0,0.0,0.0,0.0,0.0,0.0,0.0,0.0,0.0
file_escape_char_0x00.csv,,,,0,1,,0,0.0,0.0,0.0,0.0,0.0,0.0,0.0,0.0,0.0
file_escape_char_0x5C.csv,,,,0,1,,0,0.0,0.0,0.0,0.0,0.0,0.0,0.0,0.0,0.0
file_excel_formulas.csv,,,,0,1,,0,0.0,0.0,0.0,0.0,0.0,0.0,0.0,0.0,0.0
file_extremely_long_field_row_3_col_6_len_10000.csv,,,,0,1,,0,0.0,0.0,0.0,0.0,0.0,0.0,0.0,0.0,0.0
file_field_delimiter_0x20.csv,,,,0,1,,0,0.0,0.0,0.0,0.0,0.0,0.0,0.0,0.0,0.0
file_field_delimiter_0x2C_0x20.csv,,,,0,1,,0,0.0,0.0,0.0,0.0,0.0,0.0,0.0,0.0,0.0
file_field_delimiter_0x3B.csv,,,,0,1,,0,0.0,0.0,0.0,0.0,0.0,0.0,0.0,0.0,0.0
file_field_delimiter_0x9.csv,,,,0,1,,0,0.0,0.0,0.0,0.0,0.0,0.0,0.0,0.0,0.0
file_footnote_1.csv,,,,0,1,,0,0.0,0.0,0.0,0.0,0.0,0.0,0.0,0.0,0.0
file_footnote_3.csv,,,,0,1,,0,0.0,0.0,0.0,0.0,0.0,0.0,0.0,0.0,0.0
file_footnote_3_blank_line.csv,,,,0,1,,0,0.0,0.0,0.0,0.0,0.0,0.0,0.0,0.0,0.0
file_header_multirow_2.csv,,,,0,1,,0,0.0,0.0,0.0,0.0,0.0,0.0,0.0,0.0,0.0
file_header_multirow_3.csv,,,,0,1,,0,0.0,0.0,0.0,0.0,0.0,0.0,0.0,0.0,0.0
file_header_only.csv,,,,0,1,,0,0.0,0.0,0.0,0.0,0.0,0.0,0.0,0.0,0.0
file_less_columns_deleted_value_row_26_col_5.csv,,,,0,1,,0,0.0,0.0,0.0,0.0,0.0,0.0,0.0,0.0,0.0
file_less_columns_deleted_value_row_40_col_1.csv,,,,0,1,,0,0.0,0.0,0.0,0.0,0.0,0.0,0.0,0.0,0.0
file_less_columns_deleted_value_row_45_col_7.csv,,,,0,1,,0,0.0,0.0,0.0,0.0,0.0,0.0,0.0,0.0,0.0
file_less_columns_deleted_value_row_57_col_1.csv,,,,0,1,,0,0.0,0.0,0.0,0.0,0.0,0.0,0.0,0.0,0.0
file_less_columns_deleted_value_row_70_col_3.csv,,,,0,1,,0,0.0,0.0,0.0,0.0,0.0,0.0,0.0,0.0,0.0
file_mixed_delimiters_whole_row_row_13_0x3B.csv,,,,0,1,,0,0.0,0.0,0.0,0.0,0.0,0.0,0.0,0.0,0.0
file_mixed_delimiters_within_row_row_13_range_1_0x3B.csv,,,,0,1,,0,0.0,0.0,0.0,0.0,0.0,0.0,0.0,0.0,0.0
file_mixed_delimiters_within_row_row_13_range_3_0x3B.csv,,,,0,1,,0,0.0,0.0,0.0,0.0,0.0,0.0,0.0,0.0,0.0
file_mixed_time_formats_day_month_year.csv,,,,0,1,,0,0.0,0.0,0.0,0.0,0.0,0.0,0.0,0.0,0.0
file_mixed_time_formats_iso_8601.csv,,,,0,1,,0,0.0,0.0,0.0,0.0,0.0,0.0,0.0,0.0,0.0
file_mixed_time_formats_long_month_name.csv,,,,0,1,,0,0.0,0.0,0.0,0.0,0.0,0.0,0.0,0.0,0.0
file_mixed_time_formats_long_month_name_unquoted.csv,,,,0,1,,0,0.0,0.0,0.0,0.0,0.0,0.0,0.0,0.0,0.0
file_mixed_time_formats_month_day_year.csv,,,,0,1,,0,0.0,0.0,0.0,0.0,0.0,0.0,0.0,0.0,0.0
file_more_columns_row_34_col_1.csv,,,,0,1,,0,0.0,0.0,0.0,0.0,0.0,0.0,0.0,0.0,0.0
file_more_columns_row_39_col_8.csv,,,,0,1,,0,0.0,0.0,0.0,0.0,0.0,0.0,0.0,0.0,0.0
file_more_columns_row_72_col_5.csv,,,,0,1,,0,0.0,0.0,0.0,0.0,0.0,0.0,0.0,0.0,0.0
file_more_columns_row_79_col_7.csv,,,,0,1,,0,0.0,0.0,0.0,0.0,0.0,0.0,0.0,0.0,0.0
file_more_columns_row_9_col_6.csv,,,,0,1,,0,0.0,0.0,0.0,0.0,0.0,0.0,0.0,0.0,0.0
file_move_header_row8.csv,,,,0,1,,0,0.0,0.0,0.0,0.0,0.0,0.0,0.0,0.0,0.0
file_multiline_header_rows_3.csv,,,,0,1,,0,0.0,0.0,0.0,0.0,0.0,0.0,0.0,0.0,0.0
file_no_header.csv,,,,0,1,,0,0.0,0.0,0.0,0.0,0.0,0.0,0.0,0.0,0.0
file_no_payload.csv,,,,0,1,,0,0.0,0.0,0.0,0.0,0.0,0.0,0.0,0.0,0.0
file_no_trailing_newline.csv,,,,0,1,,0,0.0,0.0,0.0,0.0,0.0,0.0,0.0,0.0,0.0
file_num_columns_1000.csv,,,,0,1,,0,0.0,0.0,0.0,0.0,0.0,0.0,0.0,0.0,0.0
file_num_columns_pad_randints_1000.csv,,,,0,1,,0,0.0,0.0,0.0,0.0,0.0,0.0,0.0,0.0,0.0
file_num_rows_50000_repeat_file.csv,,,,0,1,,0,0.0,0.0,0.0,0.0,0.0,0.0,0.0,0.0,0.0
file_one_data_row.csv,,,,0,1,,0,0.0,0.0,0.0,0.0,0.0,0.0,0.0,0.0,0.0
file_preamble.csv,,,,0,1,,0,0.0,0.0,0.0,0.0,0.0,0.0,0.0,0.0,0.0
file_quotation_char_0x27.csv,,,,0,1,,0,0.0,0.0,0.0,0.0,0.0,0.0,0.0,0.0,0.0
file_quotation_char_none.csv,,,,0,1,,0,0.0,0.0,0.0,0.0,0.0,0.0,0.0,0.0,0.0
file_record_delimiter_0xA.csv,,,,0,1,,0,0.0,0.0,0.0,0.0,0.0,0.0,0.0,0.0,0.0
file_record_delimiter_0xD.csv,,,,0,1,,0,0.0,0.0,0.0,0.0,0.0,0.0,0.0,0.0,0.0
file_superheader_sparse_transaction_info_cols_0-1-2_group_product_info_cols_3-4-5-6-7_group_notes_cols_8.csv,,,,0,1,,0,0.0,0.0,0.0,0.0,0.0,0.0,0.0,0.0,0.0
file_superheader_whitespace_aligned_columns_transaction_info_cols_0-1-2_group_product_info_cols_3-4-5-6-7_group_notes_cols_8.csv,,,,0,1,,0,0.0,0.0,0.0,0.0,0.0,0.0,0.0,0.0,0.0
file_unescaped_multiline_string_row_2_col_7.csv,,,,0,1,,0,0.0,0.0,0.0,0.0,0.0,0.0,0.0,0.0,0.0
file_unquoted_lists_row_9_col_6.csv,,,,0,1,,0,0.0,0.0,0.0,0.0,0.0,0.0,0.0,0.0,0.0
file_whitespace_delimiter_cells_quoted_empty_last_column_padded.csv,,,,0,1,,0,0.0,0.0,0.0,0.0,0.0,0.0,0.0,0.0,0.0
file_whitespace_delimiter_cells_quoted_padded.csv,,,,0,1,,0,0.0,0.0,0.0,0.0,0.0,0.0,0.0,0.0,0.0
file_whitespace_delimiter_cells_quoted_unpadded.csv,,,,0,1,,0,0.0,0.0,0.0,0.0,0.0,0.0,0.0,0.0,0.0
file_whitespace_delimiter_cells_unquoted_padded.csv,,,,0,1,,0,0.0,0.0,0.0,0.0,0.0,0.0,0.0,0.0,0.0
row_quotation_mark_12_0x27.csv,,,,0,1,,0,0.0,0.0,0.0,0.0,0.0,0.0,0.0,0.0,0.0
source.csv,,,,0,1,,0,0.0,0.0,0.0,0.0,0.0,0.0,0.0,0.0,0.0
