file,clevercs_success,clevercs_header_precision,clevercs_header_recall,clevercs_header_f1,clevercs_record_precision,clevercs_record_recall,clevercs_record_f1,clevercs_cell_precision,clevercs_cell_recall,clevercs_cell_f1,pycsv_success,pycsv_header_precision,pycsv_header_recall,pycsv_header_f1,pycsv_record_precision,pycsv_record_recall,pycsv_record_f1,pycsv_cell_precision,pycsv_cell_recall,pycsv_cell_f1,sqlite_success,sqlite_header_precision,sqlite_header_recall,sqlite_header_f1,sqlite_record_precision,sqlite_record_recall,sqlite_record_f1,sqlite_cell_precision,sqlite_cell_recall,sqlite_cell_f1,mysql_success,mysql_header_precision,mysql_header_recall,mysql_header_f1,mysql_record_precision,mysql_record_recall,mysql_record_f1,mysql_cell_precision,mysql_cell_recall,mysql_cell_f1,postgres_success,postgres_header_precision,postgres_header_recall,postgres_header_f1,postgres_record_precision,postgres_record_recall,postgres_record_f1,postgres_cell_precision,postgres_cell_recall,postgres_cell_f1,opencsv_success,opencsv_header_precision,opencsv_header_recall,opencsv_header_f1,opencsv_record_precision,opencsv_record_recall,opencsv_record_f1,opencsv_cell_precision,opencsv_cell_recall,opencsv_cell_f1,univocity_success,univocity_header_precision,univocity_header_recall,univocity_header_f1,univocity_record_precision,univocity_record_recall,univocity_record_f1,univocity_cell_precision,univocity_cell_recall,univocity_cell_f1,pandas_success,pandas_header_precision,pandas_header_recall,pandas_header_f1,pandas_record_precision,pandas_record_recall,pandas_record_f1,pandas_cell_precision,pandas_cell_recall,pandas_cell_f1,rcsv_success,rcsv_header_precision,rcsv_header_recall,rcsv_header_f1,rcsv_record_precision,rcsv_record_recall,rcsv_record_f1,rcsv_cell_precision,rcsv_cell_recall,rcsv_cell_f1,csvcommons_success,csvcommons_header_precision,csvcommons_header_recall,csvcommons_header_f1,csvcommons_record_precision,csvcommons_record_recall,csvcommons_record_f1,csvcommons_cell_precision,csvcommons_cell_recall,csvcommons_cell_f1
moj-aramis-data-march-11.csv,1,1.0,1.0,1.0,1.0,1.0,1.0,1.0,1.0,1.0,1,1.0,1.0,1.0,1.0,1.0,1.0,1.0,1.0,1.0,1,1.0,1.0,1.0,1.0,1.0,1.0,1.0,1.0,1.0,1,0.8571428571428571,0.8571428571428571,0.8571428571428571,1.0,1.0,1.0,0.9998361730013108,0.9998361730013108,0.9998361730013108,1,0.8571428571428571,0.8571428571428571,0.8571428571428571,1.0,1.0,1.0,0.9998361730013108,0.9998361730013108,0.9998361730013108,1,1.0,1.0,1.0,1.0,1.0,1.0,1.0,1.0,1.0,1,0.8571428571428571,0.8571428571428571,0.8571428571428571,1.0,1.0,1.0,0.9998361730013108,0.9998361730013108,0.9998361730013108,1,1.0,1.0,1.0,1.0,1.0,1.0,1.0,1.0,1.0,1,0.7142857142857143,0.7142857142857143,0.7142857142857143,1.0,1.0,1.0,0.9996723460026212,0.9996723460026212,0.9996723460026212,0,0.0,0.0,0.0,0.0,0.0,0.0,0.0,0.0,0.0
April-2011-for-publication.csv,1,1.0,1.0,1.0,1.0,1.0,1.0,1.0,1.0,1.0,1,1.0,1.0,1.0,1.0,1.0,1.0,1.0,1.0,1.0,1,1.0,1.0,1.0,1.0,1.0,1.0,1.0,1.0,1.0,1,1.0,1.0,1.0,1.0,1.0,1.0,1.0,1.0,1.0,1,1.0,1.0,1.0,1.0,1.0,1.0,1.0,1.0,1.0,1,1.0,1.0,1.0,1.0,1.0,1.0,1.0,1.0,1.0,1,1.0,1.0,1.0,1.0,1.0,1.0,1.0,1.0,1.0,1,1.0,1.0,1.0,1.0,1.0,1.0,1.0,1.0,1.0,1,0.4444444444444444,0.4444444444444444,0.4444444444444444,1.0,1.0,1.0,0.9996176493079452,0.9996176493079452,0.9996176493079452,0,0.0,0.0,0.0,0.0,0.0,0.0,0.0,0.0,0.0
tetranatrolite.csv,1,1.0,1.0,1.0,1.0,1.0,1.0,1.0,1.0,1.0,1,1.0,1.0,1.0,1.0,1.0,1.0,1.0,1.0,1.0,1,1.0,1.0,1.0,1.0,1.0,1.0,1.0,1.0,1.0,1,1.0,1.0,1.0,1.0,1.0,1.0,1.0,1.0,1.0,1,1.0,1.0,1.0,1.0,1.0,1.0,1.0,1.0,1.0,1,1.0,1.0,1.0,1.0,1.0,1.0,1.0,1.0,1.0,1,0.0,0.0,0.0,0.0,0.0,0.0,0.0,0.0,0.0,1,0.0,0.0,0.0,0.0,0.0,0.0,0.0,0.0,0.0,1,0.0,0.0,0.0,0.0,0.0,0.0,0.0,0.0,0.0,1,1.0,1.0,1.0,1.0,1.0,1.0,1.0,1.0,1.0
scottish_law_commission-2011-03-31-organogram-junior.csv,1,1.0,1.0,1.0,1.0,1.0,1.0,1.0,1.0,1.0,1,1.0,1.0,1.0,1.0,1.0,1.0,1.0,1.0,1.0,1,0.0,0.0,0.0,1.0,1.0,1.0,0.0,0.0,0.0,1,1.0,1.0,1.0,1.0,1.0,1.0,1.0,1.0,1.0,1,1.0,1.0,1.0,1.0,1.0,1.0,1.0,1.0,1.0,1,1.0,1.0,1.0,1.0,1.0,1.0,1.0,1.0,1.0,1,1.0,1.0,1.0,1.0,1.0,1.0,1.0,1.0,1.0,1,1.0,1.0,1.0,1.0,1.0,1.0,1.0,1.0,1.0,1,0.3,0.3,0.3,1.0,1.0,1.0,0.3,0.3,0.3,1,1.0,1.0,1.0,1.0,1.0,1.0,1.0,1.0,1.0
PLA_6%Talc-1hz.csv,1,0.0,0.0,0.0,1.0,0.9408740359897172,0.9695364238410596,0.9994535519125683,0.9759871931696904,0.9875809935205184,1,0.0,0.0,0.0,1.0,0.9408740359897172,0.9695364238410596,0.9994535519125683,0.9759871931696904,0.9875809935205184,1,0.8,0.8,0.8000000000000002,1.0,1.0,1.0,0.9994535519125683,0.9967302452316076,0.9980900409276944,1,0.8,0.8,0.8000000000000002,0.9972677595628416,0.9972677595628416,0.9972677595628416,0.9994535519125683,0.9978177850518276,0.9986349986349986,0,0.0,0.0,0.0,0.0,0.0,0.0,0.0,0.0,0.0,1,0.8,0.4444444444444444,0.5714285714285714,0.9972677595628416,1.0,0.9986320109439124,0.9989071038251366,0.9989071038251366,0.9989071038251366,1,0.0,0.0,0.0,0.994535519125683,1.0,0.9972602739726028,0.4442622950819672,0.4454794520547945,0.4448700410396717,1,0.8,0.8,0.8000000000000002,0.9972677595628416,1.0,0.9986320109439124,0.9994535519125683,0.9994535519125683,0.9994535519125683,1,0.0,0.0,0.0,0.994535519125683,1.0,0.9972602739726028,0.3360655737704918,0.336986301369863,0.3365253077975376,1,0.0,0.0,0.0,0.9972677595628416,0.9431524547803618,0.9694555112881806,0.9994535519125683,0.9759871931696904,0.9875809935205184
Camp Palacios - Wind Direction.csv,1,0.0,0.0,0.0,0.9999942308247036,1.0,0.9999971154040308,0.9999942308579868,1.0,0.9999971154206726,1,0.0,0.0,0.0,0.9999942308247036,1.0,0.9999971154040308,0.9999942308579868,1.0,0.9999971154206726,1,0.0,0.0,0.0,0.9999942308247036,1.0,0.9999971154040308,0.9999942308579868,1.0,0.9999971154206726,1,0.3333333333333333,0.3333333333333333,0.3333333333333333,1.0,1.0,1.0,0.9999961539053244,0.9999961539053244,0.9999961539053244,1,0.3333333333333333,0.3333333333333333,0.3333333333333333,1.0,1.0,1.0,0.9999961539053244,0.9999961539053244,0.9999961539053244,1,0.0,0.0,0.0,0.9999942308247036,1.0,0.9999971154040308,0.9999942308579868,1.0,0.9999971154206726,1,0.0,0.0,0.0,0.9999942308247036,1.0,0.9999971154040308,0.9999942308579868,1.0,0.9999971154206726,1,0.0,0.0,0.0,0.9902500937490986,0.9902500937490986,0.9902500937490986,0.9967442808572176,0.9967442808572176,0.9967442808572176,1,0.0,0.0,0.0,0.9902500937490986,0.9902558067084356,0.9902529502205272,0.996740434762542,0.9967461851328352,0.996743309939395,1,0.0,0.0,0.0,0.9999942308247036,1.0,0.9999971154040308,0.9999942308579868,1.0,0.9999971154206726
ResultsOR30x250-0.25_7.dat.csv,1,1.0,1.0,1.0,1.0,1.0,1.0,1.0,1.0,1.0,1,1.0,1.0,1.0,1.0,1.0,1.0,1.0,1.0,1.0,1,0.0140845070422535,0.0140845070422535,0.0140845070422535,0.0,0.0,0.0,0.9668226286686517,0.9701237729406744,0.9684703877290156,0,0.0,0.0,0.0,0.0,0.0,0.0,0.0,0.0,0.0,0,0.0,0.0,0.0,0.0,0.0,0.0,0.0,0.0,0.0,1,1.0,1.0,1.0,1.0,1.0,1.0,1.0,1.0,1.0,1,0.0,0.0,0.0,0.0,0.0,0.0,0.0,0.0,0.0,1,0.0,0.0,0.0,0.0,0.0,0.0,0.0,0.0,0.0,1,0.0,0.0,0.0,0.0,0.0,0.0,0.0,0.0,0.0,0,0.0,0.0,0.0,0.0,0.0,0.0,0.0,0.0,0.0
ResultsOR30x100-0.50_5.dat__m23.csv,1,1.0,1.0,1.0,1.0,1.0,1.0,1.0,1.0,1.0,1,1.0,1.0,1.0,1.0,1.0,1.0,1.0,1.0,1.0,1,0.0314960629921259,0.0314960629921259,0.0314960629921259,0.0,0.0,0.0,0.9555154794108808,0.9627498485766204,0.959119022476995,0,0.0,0.0,0.0,0.0,0.0,0.0,0.0,0.0,0.0,0,0.0,0.0,0.0,0.0,0.0,0.0,0.0,0.0,0.0,1,1.0,1.0,1.0,1.0,1.0,1.0,1.0,1.0,1.0,1,0.0,0.0,0.0,0.0,0.0,0.0,0.0,0.0,0.0,1,0.0,0.0,0.0,0.0,0.0,0.0,0.0,0.0,0.0,1,0.0,0.0,0.0,0.0,0.0,0.0,0.0,0.0,0.0,0,0.0,0.0,0.0,0.0,0.0,0.0,0.0,0.0,0.0
Auto_Tone_sub242_nov.csv,1,0.0,0.0,0.0,0.9964285714285714,1.0,0.998211091234347,0.99644128113879,1.0,0.9982174688057042,1,0.0,0.0,0.0,0.9964285714285714,1.0,0.998211091234347,0.99644128113879,1.0,0.9982174688057042,1,0.0,0.0,0.0,0.9964285714285714,1.0,0.998211091234347,0.994661921708185,0.9982142857142856,0.9964349376114082,1,1.0,1.0,1.0,1.0,1.0,1.0,1.0,1.0,1.0,1,1.0,1.0,1.0,1.0,1.0,1.0,1.0,1.0,1.0,1,0.0,0.0,0.0,0.9964285714285714,1.0,0.998211091234347,0.99644128113879,1.0,0.9982174688057042,1,0.0,0.0,0.0,0.9964285714285714,1.0,0.998211091234347,0.99644128113879,1.0,0.9982174688057042,1,0.0,0.0,0.0,0.9964285714285714,1.0,0.998211091234347,0.9951067615658364,0.9986607142857142,0.996880570409982,1,0.0,0.0,0.0,0.9964285714285714,1.0,0.998211091234347,0.9937722419928826,0.9973214285714286,0.9955436720142604,1,0.0,0.0,0.0,0.9964285714285714,1.0,0.998211091234347,0.99644128113879,1.0,0.9982174688057042
ResultsOR30x100-0.25_10.dat__m21Infos.csv,1,1.0,1.0,1.0,1.0,1.0,1.0,1.0,1.0,1.0,1,1.0,1.0,1.0,1.0,1.0,1.0,1.0,1.0,1.0,1,1.0,1.0,1.0,0.0,0.0,0.0,0.9696969696969696,1.0,0.9846153846153848,1,1.0,1.0,1.0,0.0,0.0,0.0,0.4848484848484848,1.0,0.653061224489796,0,0.0,0.0,0.0,0.0,0.0,0.0,0.0,0.0,0.0,1,1.0,1.0,1.0,1.0,1.0,1.0,1.0,1.0,1.0,1,0.0,0.0,0.0,0.0,0.0,0.0,0.0,0.0,0.0,0,0.0,0.0,0.0,0.0,0.0,0.0,0.0,0.0,0.0,1,0.0,0.0,0.0,0.0,0.0,0.0,0.0,0.0,0.0,0,0.0,0.0,0.0,0.0,0.0,0.0,0.0,0.0,0.0
narrow.csv,1,0.0,0.0,0.0,0.995475113122172,1.0,0.9977324263038548,0.9954954954954957,1.0,0.9977426636568848,1,0.0,0.0,0.0,0.995475113122172,1.0,0.9977324263038548,0.9954954954954957,1.0,0.9977426636568848,1,0.0,0.0,0.0,0.995475113122172,1.0,0.9977324263038548,0.990990990990991,0.995475113122172,0.9932279909706544,0,0.0,0.0,0.0,0.0,0.0,0.0,0.0,0.0,0.0,1,1.0,1.0,1.0,1.0,1.0,1.0,1.0,1.0,1.0,1,0.0,0.0,0.0,0.995475113122172,1.0,0.9977324263038548,0.9954954954954957,1.0,0.9977426636568848,1,0.0,0.0,0.0,0.995475113122172,1.0,0.9977324263038548,0.9954954954954957,1.0,0.9977426636568848,1,0.0,0.0,0.0,0.995475113122172,1.0,0.9977324263038548,0.991031755737638,0.9955160623246864,0.993268847737046,1,0.0,0.0,0.0,0.0,0.0,0.0,0.0,0.0,0.0,1,0.0,0.0,0.0,0.995475113122172,1.0,0.9977324263038548,0.9954954954954957,1.0,0.9977426636568848
ResultsOR30x250-0.75_9.datInfos.csv,1,1.0,1.0,1.0,1.0,1.0,1.0,1.0,1.0,1.0,1,1.0,1.0,1.0,1.0,1.0,1.0,1.0,1.0,1.0,1,1.0,1.0,1.0,0.0,0.0,0.0,0.9696969696969696,1.0,0.9846153846153848,1,1.0,1.0,1.0,0.0,0.0,0.0,0.9393939393939394,0.9393939393939394,0.9393939393939394,0,0.0,0.0,0.0,0.0,0.0,0.0,0.0,0.0,0.0,1,1.0,1.0,1.0,1.0,1.0,1.0,1.0,1.0,1.0,1,0.0,0.0,0.0,0.0,0.0,0.0,0.0,0.0,0.0,0,0.0,0.0,0.0,0.0,0.0,0.0,0.0,0.0,0.0,1,0.0,0.0,0.0,0.0,0.0,0.0,0.0,0.0,0.0,0,0.0,0.0,0.0,0.0,0.0,0.0,0.0,0.0,0.0
nati-clin-audi-bowe-canc-2017-tran-main-fiel-list.csv,1,0.875,0.875,0.875,0.925925925925926,0.8771929824561403,0.9009009009009008,0.9795454545454544,0.9288793103448276,0.9535398230088497,1,0.875,0.875,0.875,0.925925925925926,0.8771929824561403,0.9009009009009008,0.9795454545454544,0.9288793103448276,0.9535398230088497,1,0.125,0.125,0.125,0.925925925925926,0.9090909090909092,0.9174311926605504,0.9795454545454544,0.9620535714285714,0.9707207207207208,0,0.0,0.0,0.0,0.0,0.0,0.0,0.0,0.0,0.0,0,0.0,0.0,0.0,0.0,0.0,0.0,0.0,0.0,0.0,1,1.0,1.0,1.0,0.925925925925926,0.9090909090909092,0.9174311926605504,0.9795454545454544,0.9620535714285714,0.9707207207207208,1,0.875,0.875,0.875,0.8888888888888888,0.8421052631578947,0.8648648648648649,0.968181818181818,0.918103448275862,0.9424778761061946,1,0.125,0.125,0.125,0.925925925925926,0.9090909090909092,0.9174311926605504,0.9795454545454544,0.9620535714285714,0.9707207207207208,1,0.125,0.125,0.125,0.925925925925926,0.9090909090909092,0.9174311926605504,0.9795454545454544,0.9620535714285714,0.9707207207207208,0,0.0,0.0,0.0,0.0,0.0,0.0,0.0,0.0,0.0
senior-staff-march-2020.csv,1,1.0,1.0,1.0,1.0,1.0,1.0,1.0,1.0,1.0,1,1.0,1.0,1.0,1.0,1.0,1.0,1.0,1.0,1.0,1,1.0,1.0,1.0,1.0,1.0,1.0,1.0,1.0,1.0,1,1.0,1.0,1.0,1.0,1.0,1.0,1.0,1.0,1.0,1,1.0,1.0,1.0,1.0,1.0,1.0,1.0,1.0,1.0,1,1.0,1.0,1.0,1.0,1.0,1.0,1.0,1.0,1.0,1,1.0,1.0,1.0,0.951219512195122,0.951219512195122,0.951219512195122,0.9971537001897534,0.9971537001897534,0.9971537001897534,1,1.0,1.0,1.0,0.3170731707317073,0.3170731707317073,0.3170731707317073,0.920303605313093,0.920303605313093,0.920303605313093,1,0.2941176470588235,0.2941176470588235,0.2941176470588235,1.0,1.0,1.0,0.9943074003795066,0.9943074003795066,0.9943074003795066,0,0.0,0.0,0.0,0.0,0.0,0.0,0.0,0.0,0.0
1% nano+20% micro.csv,1,0.0,0.0,0.0,1.0,0.9997060552616108,0.9998530060267528,1.0,0.999559277214632,0.9997795900374696,1,0.0,0.0,0.0,0.0,0.0,0.0,0.0,0.0,0.0,1,1.0,1.0,1.0,1.0,1.0,1.0,1.0,1.0,1.0,1,1.0,1.0,1.0,1.0,1.0,1.0,1.0,1.0,1.0,1,1.0,1.0,1.0,1.0,0.9997060552616108,0.9998530060267528,1.0,0.9997061416397296,0.9998530492285084,1,1.0,1.0,1.0,1.0,1.0,1.0,1.0,1.0,1.0,1,0.0,0.0,0.0,1.0,0.9997060552616108,0.9998530060267528,1.0,0.999559277214632,0.9997795900374696,1,1.0,1.0,1.0,1.0,1.0,1.0,1.0,1.0,1.0,1,0.5,0.5,0.5,0.0,0.0,0.0,0.4514991181657848,0.4514991181657848,0.4514991181657848,1,0.0,0.0,0.0,1.0,0.9997060552616108,0.9998530060267528,1.0,0.999559277214632,0.9997795900374696
ResultsOR30x100-0.75_10.dat__m13.csv,1,1.0,1.0,1.0,1.0,1.0,1.0,1.0,1.0,1.0,1,1.0,1.0,1.0,1.0,1.0,1.0,1.0,1.0,1.0,1,0.0341880341880341,0.0341880341880341,0.0341880341880341,0.0,0.0,0.0,0.9321674615792264,0.939636752136752,0.9358872040436286,0,0.0,0.0,0.0,0.0,0.0,0.0,0.0,0.0,0.0,0,0.0,0.0,0.0,0.0,0.0,0.0,0.0,0.0,0.0,1,1.0,1.0,1.0,1.0,1.0,1.0,1.0,1.0,1.0,1,0.0,0.0,0.0,0.0,0.0,0.0,0.0,0.0,0.0,1,0.0,0.0,0.0,0.0,0.0,0.0,0.0,0.0,0.0,1,0.0,0.0,0.0,0.0,0.0,0.0,0.0,0.0,0.0,0,0.0,0.0,0.0,0.0,0.0,0.0,0.0,0.0,0.0
dwp-cmg-spend-1214.csv,1,1.0,1.0,1.0,1.0,1.0,1.0,1.0,1.0,1.0,1,1.0,1.0,1.0,1.0,1.0,1.0,1.0,1.0,1.0,1,1.0,1.0,1.0,1.0,1.0,1.0,1.0,1.0,1.0,1,0.75,0.75,0.75,1.0,1.0,1.0,0.9722222222222222,0.9722222222222222,0.9722222222222222,1,0.75,0.75,0.75,1.0,1.0,1.0,0.9722222222222222,0.9722222222222222,0.9722222222222222,1,1.0,1.0,1.0,1.0,1.0,1.0,1.0,1.0,1.0,1,0.75,0.75,0.75,0.875,0.875,0.875,0.9444444444444444,0.9444444444444444,0.9444444444444444,1,1.0,1.0,1.0,1.0,1.0,1.0,1.0,1.0,1.0,1,0.0,0.0,0.0,1.0,1.0,1.0,0.8888888888888888,0.8888888888888888,0.8888888888888888,1,1.0,1.0,1.0,1.0,1.0,1.0,1.0,1.0,1.0
Batch_3250493_batch_results.csv,1,1.0,1.0,1.0,1.0,1.0,1.0,1.0,1.0,1.0,1,1.0,1.0,1.0,1.0,1.0,1.0,1.0,1.0,1.0,1,1.0,1.0,1.0,1.0,1.0,1.0,1.0,0.94,0.9690721649484536,1,1.0,1.0,1.0,0.0,0.0,0.0,0.1063829787234042,1.0,0.1923076923076923,0,0.0,0.0,0.0,0.0,0.0,0.0,0.0,0.0,0.0,1,1.0,1.0,1.0,1.0,1.0,1.0,1.0,1.0,1.0,1,1.0,1.0,1.0,1.0,1.0,1.0,1.0,1.0,1.0,1,1.0,1.0,1.0,1.0,1.0,1.0,1.0,0.94,0.9690721649484536,1,1.0,1.0,1.0,1.0,1.0,1.0,1.0,0.94,0.9690721649484536,0,0.0,0.0,0.0,0.0,0.0,0.0,0.0,0.0,0.0
mos-oct-dec-2014.csv,1,0.5555555555555556,0.5555555555555556,0.5555555555555556,1.0,0.7966101694915254,0.8867924528301886,1.0,0.8,0.888888888888889,1,0.5555555555555556,0.5555555555555556,0.5555555555555556,1.0,0.7966101694915254,0.8867924528301886,1.0,0.8,0.888888888888889,1,0.4444444444444444,0.4444444444444444,0.4444444444444444,1.0,0.8103448275862069,0.8952380952380952,1.0,0.8135593220338984,0.897196261682243,0,0.0,0.0,0.0,0.0,0.0,0.0,0.0,0.0,0.0,0,0.0,0.0,0.0,0.0,0.0,0.0,0.0,0.0,0.0,1,1.0,1.0,1.0,1.0,0.8103448275862069,0.8952380952380952,1.0,0.8135593220338984,0.897196261682243,1,0.5555555555555556,0.5555555555555556,0.5555555555555556,0.851063829787234,0.6779661016949152,0.7547169811320754,0.9837962962962964,0.7870370370370371,0.8744855967078189,1,0.4444444444444444,0.4444444444444444,0.4444444444444444,1.0,0.8103448275862069,0.8952380952380952,1.0,0.8135593220338984,0.897196261682243,1,0.2222222222222222,0.2222222222222222,0.2222222222222222,1.0,0.8103448275862069,0.8952380952380952,0.9953703703703703,0.8097928436911488,0.893042575285566,0,0.0,0.0,0.0,0.0,0.0,0.0,0.0,0.0,0.0
locations-1998.csv,1,1.0,1.0,1.0,1.0,1.0,1.0,1.0,1.0,1.0,0,0.0,0.0,0.0,0.0,0.0,0.0,0.0,0.0,0.0,1,1.0,1.0,1.0,1.0,1.0,1.0,1.0,1.0,1.0,1,1.0,1.0,1.0,1.0,1.0,1.0,1.0,1.0,1.0,1,1.0,1.0,1.0,1.0,1.0,1.0,1.0,1.0,1.0,1,1.0,1.0,1.0,1.0,1.0,1.0,1.0,1.0,1.0,1,1.0,1.0,1.0,1.0,1.0,1.0,1.0,1.0,1.0,0,0.0,0.0,0.0,0.0,0.0,0.0,0.0,0.0,0.0,0,0.0,0.0,0.0,0.0,0.0,0.0,0.0,0.0,0.0,1,1.0,1.0,1.0,1.0,1.0,1.0,1.0,1.0,1.0
public-toilet-borough-grid.csv,1,1.0,1.0,1.0,1.0,1.0,1.0,1.0,1.0,1.0,1,1.0,1.0,1.0,1.0,1.0,1.0,1.0,1.0,1.0,1,1.0,1.0,1.0,1.0,1.0,1.0,1.0,1.0,1.0,1,1.0,1.0,1.0,1.0,1.0,1.0,1.0,1.0,1.0,1,1.0,1.0,1.0,1.0,1.0,1.0,1.0,1.0,1.0,1,1.0,1.0,1.0,1.0,1.0,1.0,1.0,1.0,1.0,1,1.0,1.0,1.0,1.0,1.0,1.0,1.0,1.0,1.0,1,1.0,1.0,1.0,1.0,1.0,1.0,1.0,1.0,1.0,1,0.3888888888888889,0.3888888888888889,0.3888888888888889,1.0,1.0,1.0,0.9825396825396824,0.9825396825396824,0.9825396825396824,1,1.0,1.0,1.0,1.0,1.0,1.0,1.0,1.0,1.0
permanent_secretary_and_director_general_expenses_and_hospitality_april_to_june_2012.csv,1,0.0,0.0,0.0,0.8956521739130435,0.569060773480663,0.6959459459459459,0.969785575048733,0.6541748849441157,0.7813113466823716,1,0.0,0.0,0.0,0.8956521739130435,0.569060773480663,0.6959459459459459,0.969785575048733,0.6541748849441157,0.7813113466823716,1,0.5555555555555556,0.5555555555555556,0.5555555555555556,0.8956521739130435,0.5786516853932584,0.7030716723549487,0.969785575048733,0.6176288019863438,0.7546454304133485,1,1.0,1.0,1.0,0.0,0.0,0.0,0.8674463937621832,0.7030015797788309,0.7766143106457242,0,0.0,0.0,0.0,0.0,0.0,0.0,0.0,0.0,0.0,1,0.5555555555555556,0.5555555555555556,0.5555555555555556,0.8956521739130435,0.5786516853932584,0.7030716723549487,0.969785575048733,0.6620093147039254,0.7868722815342032,1,0.0,0.0,0.0,0.808695652173913,0.5406976744186046,0.6480836236933798,0.95906432748538,0.6469428007889546,0.7726737338044758,1,0.5555555555555556,0.5555555555555556,0.5555555555555556,0.8956521739130435,0.6094674556213018,0.7253521126760564,0.969785575048733,0.6503267973856209,0.7785602503912363,1,0.3333333333333333,0.3333333333333333,0.3333333333333333,0.8956521739130435,0.6094674556213018,0.7253521126760564,0.9688109161793372,0.6496732026143791,0.7777777777777779,0,0.0,0.0,0.0,0.0,0.0,0.0,0.0,0.0,0.0
download (10).csv,1,0.0,0.0,0.0,1.0,0.9847328244274808,0.9923076923076924,1.0,0.9961685823754788,0.9980806142034548,1,0.0,0.0,0.0,1.0,0.9847328244274808,0.9923076923076924,1.0,0.9961685823754788,0.9980806142034548,1,1.0,1.0,1.0,1.0,1.0,1.0,1.0,1.0,1.0,1,1.0,1.0,1.0,0.0,0.0,0.0,0.0076923076923076,1.0,0.015267175572519,0,0.0,0.0,0.0,0.0,0.0,0.0,0.0,0.0,0.0,1,1.0,1.0,1.0,1.0,1.0,1.0,1.0,1.0,1.0,1,0.0,0.0,0.0,1.0,0.9847328244274808,0.9923076923076924,1.0,0.9961685823754788,0.9980806142034548,1,1.0,1.0,1.0,1.0,1.0,1.0,1.0,1.0,1.0,1,0.25,0.25,0.25,1.0,1.0,1.0,0.9942307692307693,0.9942307692307693,0.9942307692307693,0,0.0,0.0,0.0,0.0,0.0,0.0,0.0,0.0,0.0
2004-2016.csv,1,1.0,1.0,1.0,0.978238341968912,0.978238341968912,0.978238341968912,0.9978556640047324,0.9978556640047324,0.9978556640047324,1,1.0,1.0,1.0,0.978238341968912,0.978238341968912,0.978238341968912,0.9978556640047324,0.9978556640047324,0.9978556640047324,1,1.0,1.0,1.0,0.978238341968912,0.978238341968912,0.978238341968912,0.9978556640047324,0.9978556640047324,0.9978556640047324,1,1.0,1.0,1.0,0.978238341968912,0.978238341968912,0.978238341968912,0.9978556640047324,0.9978556640047324,0.9978556640047324,1,1.0,1.0,1.0,0.978238341968912,0.978238341968912,0.978238341968912,0.9978556640047324,0.9978556640047324,0.9978556640047324,1,1.0,1.0,1.0,0.978238341968912,0.978238341968912,0.978238341968912,0.9978556640047324,0.9978556640047324,0.9978556640047324,1,1.0,1.0,1.0,0.9761658031088084,0.9761658031088084,0.9761658031088084,0.9978556640047324,0.9978556640047324,0.9978556640047324,1,1.0,1.0,1.0,0.978238341968912,0.978238341968912,0.978238341968912,0.9978556640047324,0.9978556640047324,0.9978556640047324,1,0.9285714285714286,0.9285714285714286,0.9285714285714286,0.978238341968912,0.978238341968912,0.978238341968912,0.9977817213842058,0.9977817213842058,0.9977817213842058,1,1.0,1.0,1.0,0.978238341968912,0.978238341968912,0.978238341968912,0.9978556640047324,0.9978556640047324,0.9978556640047324
fr_hypo1.csv,1,1.0,1.0,1.0,1.0,1.0,1.0,1.0,1.0,1.0,1,1.0,1.0,1.0,1.0,1.0,1.0,1.0,1.0,1.0,1,1.0,1.0,1.0,1.0,1.0,1.0,1.0,1.0,1.0,1,1.0,1.0,1.0,1.0,1.0,1.0,1.0,1.0,1.0,1,1.0,1.0,1.0,1.0,1.0,1.0,1.0,1.0,1.0,1,1.0,1.0,1.0,1.0,1.0,1.0,1.0,1.0,1.0,1,1.0,1.0,1.0,1.0,1.0,1.0,1.0,1.0,1.0,1,1.0,1.0,1.0,1.0,1.0,1.0,1.0,1.0,1.0,1,1.0,1.0,1.0,1.0,1.0,1.0,1.0,1.0,1.0,1,1.0,1.0,1.0,1.0,1.0,1.0,1.0,1.0,1.0
"Businesses with a rateable value of less than £12,000 - March 2016.csv",1,1.0,1.0,1.0,1.0,1.0,1.0,0.9999790654831686,0.9999790654831686,0.9999790654831686,1,1.0,1.0,1.0,1.0,1.0,1.0,1.0,1.0,1.0,1,1.0,1.0,1.0,1.0,1.0,1.0,1.0,1.0,1.0,1,0.8571428571428571,0.8571428571428571,0.8571428571428571,1.0,1.0,1.0,0.9999790654831686,0.9999790654831686,0.9999790654831686,1,0.8571428571428571,0.8571428571428571,0.8571428571428571,1.0,1.0,1.0,0.9999790654831686,0.9999790654831686,0.9999790654831686,1,1.0,1.0,1.0,1.0,1.0,1.0,1.0,1.0,1.0,1,0.8571428571428571,0.8571428571428571,0.8571428571428571,1.0,1.0,1.0,0.9999790654831686,0.9999790654831686,0.9999790654831686,0,0.0,0.0,0.0,0.0,0.0,0.0,0.0,0.0,0.0,1,0.2857142857142857,0.2857142857142857,0.2857142857142857,1.0,1.0,1.0,0.9998953274158432,0.9998953274158432,0.9998953274158432,0,0.0,0.0,0.0,0.0,0.0,0.0,0.0,0.0,0.0
1% SiO2_003.csv,1,0.0,0.0,0.0,1.0,0.9997103128621088,0.9998551354483556,1.0,0.9995656580280876,0.9997827818405618,1,0.0,0.0,0.0,0.0,0.0,0.0,0.0,0.0,0.0,1,1.0,1.0,1.0,1.0,1.0,1.0,1.0,1.0,1.0,1,1.0,1.0,1.0,1.0,1.0,1.0,1.0,1.0,1.0,1,1.0,1.0,1.0,1.0,0.9997103128621088,0.9998551354483556,1.0,0.9997103967564436,0.9998551774076756,1,1.0,1.0,1.0,1.0,1.0,1.0,1.0,1.0,1.0,1,0.0,0.0,0.0,1.0,0.9997103128621088,0.9998551354483556,1.0,0.9995656580280876,0.9997827818405618,1,1.0,1.0,1.0,1.0,1.0,1.0,1.0,1.0,1.0,1,0.0,0.0,0.0,0.0,0.0,0.0,0.4474217844727694,0.4474217844727694,0.4474217844727694,1,0.0,0.0,0.0,1.0,0.9997103128621088,0.9998551354483556,1.0,0.9995656580280876,0.9997827818405618
ResultsOR30x250-0.75_2.dat.csv,1,1.0,1.0,1.0,1.0,1.0,1.0,1.0,1.0,1.0,1,1.0,1.0,1.0,1.0,1.0,1.0,1.0,1.0,1.0,1,0.0140845070422535,0.0140845070422535,0.0140845070422535,0.0,0.0,0.0,0.9668226286686517,0.9701237729406744,0.9684703877290156,0,0.0,0.0,0.0,0.0,0.0,0.0,0.0,0.0,0.0,0,0.0,0.0,0.0,0.0,0.0,0.0,0.0,0.0,0.0,1,1.0,1.0,1.0,1.0,1.0,1.0,1.0,1.0,1.0,1,0.0,0.0,0.0,0.0,0.0,0.0,0.0,0.0,0.0,1,0.0,0.0,0.0,0.0,0.0,0.0,0.0,0.0,0.0,1,0.0,0.0,0.0,0.0,0.0,0.0,0.0,0.0,0.0,0,0.0,0.0,0.0,0.0,0.0,0.0,0.0,0.0,0.0
prison-and-probation-ombudsman__30-09-2014__justice_PPO-September-Return-senior.csv,1,1.0,1.0,1.0,1.0,1.0,1.0,1.0,1.0,1.0,1,1.0,1.0,1.0,1.0,1.0,1.0,1.0,1.0,1.0,1,0.9473684210526316,0.9473684210526316,0.9473684210526316,1.0,1.0,1.0,0.986842105263158,0.986842105263158,0.986842105263158,0,0.0,0.0,0.0,0.0,0.0,0.0,0.0,0.0,0.0,0,0.0,0.0,0.0,0.0,0.0,0.0,0.0,0.0,0.0,1,1.0,1.0,1.0,1.0,1.0,1.0,1.0,1.0,1.0,1,1.0,1.0,1.0,1.0,1.0,1.0,1.0,1.0,1.0,1,0.9473684210526316,0.9473684210526316,0.9473684210526316,1.0,1.0,1.0,0.986842105263158,0.986842105263158,0.986842105263158,1,0.2631578947368421,0.2631578947368421,0.2631578947368421,0.0,0.0,0.0,0.7763157894736842,0.7763157894736842,0.7763157894736842,0,0.0,0.0,0.0,0.0,0.0,0.0,0.0,0.0,0.0
Auto_Tone_sub205_over.csv,1,0.0,0.0,0.0,0.9964285714285714,1.0,0.998211091234347,0.99644128113879,1.0,0.9982174688057042,1,0.0,0.0,0.0,0.9964285714285714,1.0,0.998211091234347,0.99644128113879,1.0,0.9982174688057042,1,0.0,0.0,0.0,0.9964285714285714,1.0,0.998211091234347,0.994661921708185,0.9982142857142856,0.9964349376114082,1,1.0,1.0,1.0,1.0,1.0,1.0,1.0,1.0,1.0,1,1.0,1.0,1.0,1.0,1.0,1.0,1.0,1.0,1.0,1,0.0,0.0,0.0,0.9964285714285714,1.0,0.998211091234347,0.99644128113879,1.0,0.9982174688057042,1,0.0,0.0,0.0,0.9964285714285714,1.0,0.998211091234347,0.99644128113879,1.0,0.9982174688057042,1,0.0,0.0,0.0,0.9964285714285714,1.0,0.998211091234347,0.9955516014234876,0.9991071428571427,0.9973262032085564,1,0.0,0.0,0.0,0.0892857142857142,0.089605734767025,0.0894454382826475,0.87144128113879,0.8745535714285714,0.8729946524064172,1,0.0,0.0,0.0,0.9964285714285714,1.0,0.998211091234347,0.99644128113879,1.0,0.9982174688057042
fr_RG65_pageid.csv,1,1.0,1.0,1.0,1.0,1.0,1.0,1.0,1.0,1.0,1,1.0,1.0,1.0,1.0,1.0,1.0,1.0,1.0,1.0,1,1.0,1.0,1.0,1.0,1.0,1.0,1.0,1.0,1.0,1,1.0,1.0,1.0,1.0,1.0,1.0,1.0,1.0,1.0,1,1.0,1.0,1.0,1.0,1.0,1.0,1.0,1.0,1.0,1,1.0,1.0,1.0,1.0,1.0,1.0,1.0,1.0,1.0,1,1.0,1.0,1.0,1.0,1.0,1.0,1.0,1.0,1.0,1,1.0,1.0,1.0,1.0,1.0,1.0,1.0,1.0,1.0,1,1.0,1.0,1.0,1.0,1.0,1.0,1.0,1.0,1.0,1,1.0,1.0,1.0,1.0,1.0,1.0,1.0,1.0,1.0
ministry-of-defence__30-09-2012__mod_300912-Air-Govt-data-template-u-senior.csv,1,1.0,1.0,1.0,1.0,1.0,1.0,1.0,1.0,1.0,1,1.0,1.0,1.0,1.0,1.0,1.0,1.0,1.0,1.0,1,0.9473684210526316,0.9473684210526316,0.9473684210526316,1.0,1.0,1.0,0.9987760097919216,0.9987760097919216,0.9987760097919216,0,0.0,0.0,0.0,0.0,0.0,0.0,0.0,0.0,0.0,0,0.0,0.0,0.0,0.0,0.0,0.0,0.0,0.0,0.0,1,1.0,1.0,1.0,1.0,1.0,1.0,1.0,1.0,1.0,1,1.0,1.0,1.0,1.0,1.0,1.0,1.0,1.0,1.0,1,0.9473684210526316,0.9473684210526316,0.9473684210526316,0.3333333333333333,0.3333333333333333,0.3333333333333333,0.9302325581395348,0.9302325581395348,0.9302325581395348,1,0.2631578947368421,0.2631578947368421,0.2631578947368421,0.0,0.0,0.0,0.9314565483476132,0.9314565483476132,0.9314565483476132,0,0.0,0.0,0.0,0.0,0.0,0.0,0.0,0.0,0.0
june_2015(1).csv,1,0.0909090909090909,0.0909090909090909,0.0909090909090909,1.0,0.999700553975146,0.9998502545672358,1.0,0.9997005988023951,0.999850276987573,1,0.0909090909090909,0.0909090909090909,0.0909090909090909,1.0,0.999700553975146,0.9998502545672358,1.0,0.9997005988023951,0.999850276987573,1,0.9090909090909092,0.9090909090909092,0.9090909090909092,1.0,1.0,1.0,0.9999863867788396,0.9999863867788396,0.9999863867788396,1,0.9090909090909092,1.0,0.9523809523809524,0.0,0.0,0.0,0.9091045223120696,0.9090426473190586,0.9090735837627024,0,0.0,0.0,0.0,0.0,0.0,0.0,0.0,0.0,0.0,1,1.0,1.0,1.0,1.0,1.0,1.0,1.0,1.0,1.0,1,0.0909090909090909,0.0909090909090909,0.0909090909090909,0.1097798412460686,0.1097469681089983,0.1097634022162324,0.9189196547687114,0.9186445291235712,0.918782071349821,1,0.9090909090909092,0.9090909090909092,0.9090909090909092,1.0,1.0,1.0,0.9999863867788396,0.9999863867788396,0.9999863867788396,1,0.1818181818181818,0.1818181818181818,0.1818181818181818,0.9995506964205482,0.9995506964205482,0.9995506964205482,0.9998094149037544,0.9998094149037544,0.9998094149037544,0,0.0,0.0,0.0,0.0,0.0,0.0,0.0,0.0,0.0
Sun2014-Rs.csv,1,0.0,0.0,0.0,1.0,0.9090909090909092,0.9523809523809524,0.9090909090909092,0.8333333333333334,0.8695652173913043,1,0.0,0.0,0.0,1.0,0.9090909090909092,0.9523809523809524,0.9090909090909092,0.8333333333333334,0.8695652173913043,1,0.0,0.0,0.0,1.0,0.9090909090909092,0.9523809523809524,0.9090909090909092,0.8333333333333334,0.8695652173913043,1,1.0,1.0,1.0,1.0,0.9090909090909092,0.9523809523809524,1.0,0.9166666666666666,0.9565217391304348,1,1.0,1.0,1.0,1.0,0.9090909090909092,0.9523809523809524,1.0,0.9166666666666666,0.9565217391304348,1,0.0,0.0,0.0,1.0,0.9090909090909092,0.9523809523809524,0.9090909090909092,0.8333333333333334,0.8695652173913043,1,0.0,0.0,0.0,1.0,0.9090909090909092,0.9523809523809524,0.9090909090909092,0.8333333333333334,0.8695652173913043,1,0.0,0.0,0.0,1.0,0.9090909090909092,0.9523809523809524,0.9090909090909092,0.8333333333333334,0.8695652173913043,1,0.0,0.0,0.0,1.0,0.9090909090909092,0.9523809523809524,0.9090909090909092,0.8333333333333334,0.8695652173913043,1,0.0,0.0,0.0,1.0,0.9090909090909092,0.9523809523809524,0.9090909090909092,0.8333333333333334,0.8695652173913043
ResultsOR30x250-0.50_4.dat.csv,1,1.0,1.0,1.0,1.0,1.0,1.0,1.0,1.0,1.0,1,1.0,1.0,1.0,1.0,1.0,1.0,1.0,1.0,1.0,1,0.0140845070422535,0.0140845070422535,0.0140845070422535,0.0,0.0,0.0,0.9668226286686517,0.9701237729406744,0.9684703877290156,0,0.0,0.0,0.0,0.0,0.0,0.0,0.0,0.0,0.0,0,0.0,0.0,0.0,0.0,0.0,0.0,0.0,0.0,0.0,1,1.0,1.0,1.0,1.0,1.0,1.0,1.0,1.0,1.0,1,0.0,0.0,0.0,0.0,0.0,0.0,0.0,0.0,0.0,1,0.0,0.0,0.0,0.0,0.0,0.0,0.0,0.0,0.0,1,0.0,0.0,0.0,0.0,0.0,0.0,0.0,0.0,0.0,0,0.0,0.0,0.0,0.0,0.0,0.0,0.0,0.0,0.0
ResultsOR30x250-0.75_4.datInfos.csv,1,1.0,1.0,1.0,1.0,1.0,1.0,1.0,1.0,1.0,1,1.0,1.0,1.0,1.0,1.0,1.0,1.0,1.0,1.0,1,1.0,1.0,1.0,0.0,0.0,0.0,0.9696969696969696,1.0,0.9846153846153848,1,1.0,1.0,1.0,0.0,0.0,0.0,0.4848484848484848,1.0,0.653061224489796,0,0.0,0.0,0.0,0.0,0.0,0.0,0.0,0.0,0.0,1,1.0,1.0,1.0,1.0,1.0,1.0,1.0,1.0,1.0,1,0.0,0.0,0.0,0.0,0.0,0.0,0.0,0.0,0.0,0,0.0,0.0,0.0,0.0,0.0,0.0,0.0,0.0,0.0,1,0.0,0.0,0.0,0.0,0.0,0.0,0.0,0.0,0.0,0,0.0,0.0,0.0,0.0,0.0,0.0,0.0,0.0,0.0
trinity-house__31-03-2015__dft_310315-Trinity-House-Organogram-ver-1-junior.csv,1,1.0,1.0,1.0,1.0,1.0,1.0,1.0,1.0,1.0,1,1.0,1.0,1.0,1.0,1.0,1.0,1.0,1.0,1.0,1,1.0,1.0,1.0,1.0,1.0,1.0,1.0,1.0,1.0,1,1.0,1.0,1.0,0.0,0.0,0.0,0.0078125,1.0,0.0155038759689922,1,1.0,1.0,1.0,1.0,1.0,1.0,1.0,1.0,1.0,1,1.0,1.0,1.0,1.0,1.0,1.0,1.0,1.0,1.0,1,1.0,1.0,1.0,1.0,1.0,1.0,1.0,1.0,1.0,1,1.0,1.0,1.0,1.0,1.0,1.0,1.0,1.0,1.0,1,0.3,0.3,0.3,0.0787401574803149,0.0787401574803149,0.0787401574803149,0.89765625,0.89765625,0.89765625,0,0.0,0.0,0.0,0.0,0.0,0.0,0.0,0.0,0.0
Feb-2016.csv,1,1.0,1.0,1.0,1.0,0.92,0.9583333333333334,1.0,0.9230769230769232,0.96,1,1.0,1.0,1.0,1.0,0.92,0.9583333333333334,1.0,0.9230769230769232,0.96,1,1.0,1.0,1.0,1.0,0.92,0.9583333333333334,1.0,0.9230769230769232,0.96,1,1.0,1.0,1.0,1.0,0.92,0.9583333333333334,1.0,0.9230769230769232,0.96,1,1.0,1.0,1.0,1.0,0.92,0.9583333333333334,1.0,0.9230769230769232,0.96,1,1.0,1.0,1.0,1.0,0.92,0.9583333333333334,1.0,0.9230769230769232,0.96,1,1.0,1.0,1.0,1.0,0.92,0.9583333333333334,1.0,0.9230769230769232,0.96,1,1.0,1.0,1.0,1.0,0.92,0.9583333333333334,1.0,0.9230769230769232,0.96,1,1.0,1.0,1.0,1.0,0.92,0.9583333333333334,1.0,0.9230769230769232,0.96,1,1.0,1.0,1.0,1.0,0.92,0.9583333333333334,1.0,0.9230769230769232,0.96
dd_Wickenburg_nobmp_623.csv,1,0.0,0.0,0.0,1.0,0.8356164383561644,0.9104477611940298,1.0,0.9997171145685996,0.999858537275428,1,0.0,0.0,0.0,0.0,0.0,0.0,0.0,0.0,0.0,1,0.0,0.0,0.0,0.0,0.0,0.0,0.0014619883040935,0.8378378378378378,0.002918883291747,0,0.0,0.0,0.0,0.0,0.0,0.0,0.0,0.0,0.0,0,0.0,0.0,0.0,0.0,0.0,0.0,0.0,0.0,0.0,1,0.0,0.0,0.0,1.0,0.8356164383561644,0.9104477611940298,1.0,0.9997171145685996,0.999858537275428,0,0.0,0.0,0.0,0.0,0.0,0.0,0.0,0.0,0.0,1,0.0,0.0,0.0,0.0,0.0,0.0,0.0014619883040935,0.8378378378378378,0.002918883291747,0,0.0,0.0,0.0,0.0,0.0,0.0,0.0,0.0,0.0,1,0.0,0.0,0.0,1.0,0.8356164383561644,0.9104477611940298,1.0,0.9997171145685996,0.999858537275428
over25k-transparency.csv,1,1.0,1.0,1.0,1.0,1.0,1.0,1.0,1.0,1.0,1,1.0,1.0,1.0,1.0,1.0,1.0,1.0,1.0,1.0,1,1.0,1.0,1.0,1.0,1.0,1.0,1.0,1.0,1.0,1,1.0,1.0,1.0,1.0,1.0,1.0,1.0,1.0,1.0,1,1.0,1.0,1.0,1.0,1.0,1.0,1.0,1.0,1.0,1,1.0,1.0,1.0,1.0,1.0,1.0,1.0,1.0,1.0,1,1.0,1.0,1.0,1.0,1.0,1.0,1.0,1.0,1.0,1,1.0,1.0,1.0,1.0,1.0,1.0,1.0,1.0,1.0,1,0.5,0.5,0.5,1.0,1.0,1.0,0.9973544973544972,0.9973544973544972,0.9973544973544972,0,0.0,0.0,0.0,0.0,0.0,0.0,0.0,0.0,0.0
Copy_of_2016-17_Q3_Final_V2.csv,1,0.9166666666666666,0.9166666666666666,0.9166666666666666,0.9959893048128342,0.9959893048128342,0.9959893048128342,0.9995549621717846,0.9995549621717846,0.9995549621717846,1,0.9166666666666666,0.9166666666666666,0.9166666666666666,0.9959893048128342,0.9959893048128342,0.9959893048128342,0.9995549621717846,0.9995549621717846,0.9995549621717846,1,0.9166666666666666,0.9166666666666666,0.9166666666666666,0.9959893048128342,0.9959893048128342,0.9959893048128342,0.9995549621717846,0.9995549621717846,0.9995549621717846,0,0.0,0.0,0.0,0.0,0.0,0.0,0.0,0.0,0.0,0,0.0,0.0,0.0,0.0,0.0,0.0,0.0,0.0,0.0,1,0.9166666666666666,0.9166666666666666,0.9166666666666666,0.9959893048128342,0.9959893048128342,0.9959893048128342,0.9995549621717846,0.9995549621717846,0.9995549621717846,1,0.9166666666666666,0.9166666666666666,0.9166666666666666,0.9946524064171124,0.9946524064171124,0.9946524064171124,0.9994437027147308,0.9994437027147308,0.9994437027147308,1,0.9166666666666666,0.9166666666666666,0.9166666666666666,0.9959893048128342,0.9959893048128342,0.9959893048128342,0.9995549621717846,0.9995549621717846,0.9995549621717846,1,0.1666666666666666,0.1666666666666666,0.1666666666666666,0.9959893048128342,0.9959893048128342,0.9959893048128342,0.9985536270583,0.9985536270583,0.9985536270583,0,0.0,0.0,0.0,0.0,0.0,0.0,0.0,0.0,0.0
10.January_2019.csv,1,1.0,1.0,1.0,1.0,1.0,1.0,1.0,1.0,1.0,1,0.0,0.0,0.0,0.0,0.0,0.0,0.0,0.0,0.0,1,1.0,1.0,1.0,1.0,1.0,1.0,1.0,1.0,1.0,1,1.0,1.0,1.0,1.0,1.0,1.0,1.0,1.0,1.0,1,1.0,1.0,1.0,1.0,1.0,1.0,1.0,1.0,1.0,1,1.0,1.0,1.0,1.0,1.0,1.0,1.0,1.0,1.0,1,1.0,1.0,1.0,1.0,1.0,1.0,1.0,1.0,1.0,1,1.0,1.0,1.0,1.0,1.0,1.0,1.0,1.0,1.0,1,0.5,0.5,0.5,1.0,1.0,1.0,0.9907407407407408,0.9907407407407408,0.9907407407407408,1,1.0,1.0,1.0,1.0,1.0,1.0,1.0,1.0,1.0
ResultsOR30x100-0.25_5.dat__m28.csv,1,1.0,1.0,1.0,1.0,1.0,1.0,1.0,1.0,1.0,1,1.0,1.0,1.0,1.0,1.0,1.0,1.0,1.0,1.0,1,0.0303030303030303,0.0303030303030303,0.0303030303030303,0.0,0.0,0.0,0.9616690926734596,0.9687194525904204,0.96518139761383,0,0.0,0.0,0.0,0.0,0.0,0.0,0.0,0.0,0.0,0,0.0,0.0,0.0,0.0,0.0,0.0,0.0,0.0,0.0,1,1.0,1.0,1.0,1.0,1.0,1.0,1.0,1.0,1.0,1,0.0,0.0,0.0,0.0,0.0,0.0,0.0,0.0,0.0,1,0.0,0.0,0.0,0.0,0.0,0.0,0.0,0.0,0.0,1,0.0,0.0,0.0,0.0,0.0,0.0,0.0,0.0,0.0,0,0.0,0.0,0.0,0.0,0.0,0.0,0.0,0.0,0.0
planning-application-aug-17.csv,1,1.0,1.0,1.0,1.0,1.0,1.0,1.0,1.0,1.0,1,1.0,1.0,1.0,0.9986020503261882,0.995817843866171,0.9972080037226616,0.9999264579707304,0.999509924038226,0.999718147617122,1,1.0,1.0,1.0,1.0,1.0,1.0,1.0,1.0,1.0,1,0.8947368421052632,0.8947368421052632,0.8947368421052632,0.0004659832246039,7.741136398823347e-05,0.0001327668613913,0.8958890005638223,0.7380346540651884,0.8093366256602185,1,0.8947368421052632,0.8947368421052632,0.8947368421052632,1.0,1.0,1.0,0.9999509719804868,0.9999509719804868,0.9999509719804868,1,1.0,1.0,1.0,1.0,1.0,1.0,1.0,1.0,1.0,1,0.8947368421052632,0.8947368421052632,0.8947368421052632,0.4338303821062442,0.4338303821062442,0.4338303821062442,0.9466330007599344,0.9466330007599344,0.9466330007599344,1,1.0,1.0,1.0,1.0,1.0,1.0,1.0,1.0,1.0,1,0.3157894736842105,0.3157894736842105,0.3157894736842105,1.0,1.0,1.0,0.9996813178731644,0.9996813178731644,0.9996813178731644,0,0.0,0.0,0.0,0.0,0.0,0.0,0.0,0.0,0.0
air_quality_station3_2006.csv,1,1.0,1.0,1.0,1.0,1.0,1.0,1.0,1.0,1.0,1,1.0,1.0,1.0,1.0,1.0,1.0,1.0,1.0,1.0,1,1.0,1.0,1.0,1.0,1.0,1.0,1.0,1.0,1.0,1,1.0,1.0,1.0,1.0,1.0,1.0,1.0,1.0,1.0,1,1.0,1.0,1.0,1.0,1.0,1.0,1.0,1.0,1.0,1,1.0,1.0,1.0,1.0,1.0,1.0,1.0,1.0,1.0,1,1.0,1.0,1.0,1.0,1.0,1.0,1.0,1.0,1.0,1,1.0,1.0,1.0,0.8764840182648402,0.8764840182648402,0.8764840182648402,0.9382437715818612,0.9382437715818612,0.9382437715818612,1,1.0,1.0,1.0,0.8764840182648402,0.8764840182648402,0.8764840182648402,0.9382437715818612,0.9382437715818612,0.9382437715818612,1,0.0,0.0,0.0,0.0,0.0,0.0,0.0,0.0,0.0
ResultsOR30x100-0.75_1.dat__m21Infos.csv,1,1.0,1.0,1.0,1.0,1.0,1.0,1.0,1.0,1.0,1,1.0,1.0,1.0,1.0,1.0,1.0,1.0,1.0,1.0,1,1.0,1.0,1.0,0.0,0.0,0.0,0.9696969696969696,1.0,0.9846153846153848,1,1.0,1.0,1.0,0.0,0.0,0.0,0.9393939393939394,0.9393939393939394,0.9393939393939394,0,0.0,0.0,0.0,0.0,0.0,0.0,0.0,0.0,0.0,1,1.0,1.0,1.0,1.0,1.0,1.0,1.0,1.0,1.0,1,0.0,0.0,0.0,0.0,0.0,0.0,0.0,0.0,0.0,0,0.0,0.0,0.0,0.0,0.0,0.0,0.0,0.0,0.0,1,0.0,0.0,0.0,0.0,0.0,0.0,0.0,0.0,0.0,0,0.0,0.0,0.0,0.0,0.0,0.0,0.0,0.0,0.0
erionite.csv,1,1.0,1.0,1.0,1.0,1.0,1.0,1.0,1.0,1.0,1,1.0,1.0,1.0,1.0,1.0,1.0,1.0,1.0,1.0,1,1.0,1.0,1.0,1.0,1.0,1.0,1.0,1.0,1.0,1,1.0,1.0,1.0,1.0,1.0,1.0,1.0,1.0,1.0,1,1.0,1.0,1.0,1.0,1.0,1.0,1.0,1.0,1.0,1,1.0,1.0,1.0,1.0,1.0,1.0,1.0,1.0,1.0,1,0.0,0.0,0.0,0.0,0.0,0.0,0.0,0.0,0.0,1,0.0,0.0,0.0,0.0,0.0,0.0,0.0,0.0,0.0,1,0.0,0.0,0.0,0.0,0.0,0.0,0.0,0.0,0.0,1,1.0,1.0,1.0,1.0,1.0,1.0,1.0,1.0,1.0
download (6).csv,1,0.0,0.0,0.0,1.0,0.9710144927536232,0.9852941176470588,1.0,0.9927007299270072,0.9963369963369962,1,0.0,0.0,0.0,1.0,0.9710144927536232,0.9852941176470588,1.0,0.9927007299270072,0.9963369963369962,1,1.0,1.0,1.0,1.0,1.0,1.0,1.0,1.0,1.0,1,1.0,1.0,1.0,0.0,0.0,0.0,0.0147058823529411,1.0,0.0289855072463768,0,0.0,0.0,0.0,0.0,0.0,0.0,0.0,0.0,0.0,1,1.0,1.0,1.0,1.0,1.0,1.0,1.0,1.0,1.0,1,0.0,0.0,0.0,1.0,0.9710144927536232,0.9852941176470588,1.0,0.9927007299270072,0.9963369963369962,1,1.0,1.0,1.0,1.0,1.0,1.0,1.0,1.0,1.0,1,0.25,0.25,0.25,1.0,1.0,1.0,0.9889705882352942,0.9889705882352942,0.9889705882352942,0,0.0,0.0,0.0,0.0,0.0,0.0,0.0,0.0,0.0
ResultsOR30x250-0.75_3.dat.csv,1,1.0,1.0,1.0,1.0,1.0,1.0,1.0,1.0,1.0,1,1.0,1.0,1.0,1.0,1.0,1.0,1.0,1.0,1.0,1,0.0140845070422535,0.0140845070422535,0.0140845070422535,0.0,0.0,0.0,0.9668226286686517,0.9701237729406744,0.9684703877290156,0,0.0,0.0,0.0,0.0,0.0,0.0,0.0,0.0,0.0,0,0.0,0.0,0.0,0.0,0.0,0.0,0.0,0.0,0.0,1,1.0,1.0,1.0,1.0,1.0,1.0,1.0,1.0,1.0,1,0.0,0.0,0.0,0.0,0.0,0.0,0.0,0.0,0.0,1,0.0,0.0,0.0,0.0,0.0,0.0,0.0,0.0,0.0,1,0.0,0.0,0.0,0.0,0.0,0.0,0.0,0.0,0.0,0,0.0,0.0,0.0,0.0,0.0,0.0,0.0,0.0,0.0
Takakai2008-ch4.csv,1,0.0,0.0,0.0,1.0,0.9166666666666666,0.9565217391304348,0.9166666666666666,0.8461538461538461,0.8799999999999999,1,0.0,0.0,0.0,1.0,0.9166666666666666,0.9565217391304348,0.9166666666666666,0.8461538461538461,0.8799999999999999,1,0.0,0.0,0.0,1.0,0.9166666666666666,0.9565217391304348,0.9166666666666666,0.8461538461538461,0.8799999999999999,0,0.0,0.0,0.0,0.0,0.0,0.0,0.0,0.0,0.0,0,0.0,0.0,0.0,0.0,0.0,0.0,0.0,0.0,0.0,1,0.0,0.0,0.0,1.0,0.9166666666666666,0.9565217391304348,0.9166666666666666,0.8461538461538461,0.8799999999999999,1,0.0,0.0,0.0,1.0,0.9166666666666666,0.9565217391304348,0.9166666666666666,0.8461538461538461,0.8799999999999999,1,0.0,0.0,0.0,1.0,0.9166666666666666,0.9565217391304348,0.9166666666666666,0.8461538461538461,0.8799999999999999,1,0.0,0.0,0.0,1.0,0.9166666666666666,0.9565217391304348,0.9166666666666666,0.8461538461538461,0.8799999999999999,1,0.0,0.0,0.0,1.0,0.9166666666666666,0.9565217391304348,0.9166666666666666,0.8461538461538461,0.8799999999999999
S30out.csv,1,0.3348115299334812,1.0,0.5016611295681063,1.0,1.0,1.0,0.4499112388133452,1.0,0.6206052160566289,1,0.0,0.0,0.0,0.0,0.0,0.0,0.0,0.0,0.0,1,0.3337028824833702,0.9966887417218544,0.5,0.6655629139072847,0.6655629139072847,0.6655629139072847,0.3349316447356381,0.9999890717548576,0.5017945715923019,0,0.0,0.0,0.0,0.0,0.0,0.0,0.0,0.0,0.0,0,0.0,0.0,0.0,0.0,0.0,0.0,0.0,0.0,0.0,1,0.3348115299334812,1.0,0.5016611295681063,1.0,1.0,1.0,0.4499112388133452,1.0,0.6206052160566289,0,0.0,0.0,0.0,0.0,0.0,0.0,0.0,0.0,0.0,1,0.3337028824833702,0.9966887417218544,0.5,0.6655629139072847,1.0,0.7992047713717694,0.2232865430720521,0.9999836076322864,0.3650589900331828,1,0.0011086474501108,0.0033112582781456,0.0016611295681063,0.6655629139072847,0.3988095238095238,0.4987593052109181,0.5571237715268754,0.9980263589272834,0.7150746391365116,1,0.3348115299334812,1.0,0.5016611295681063,1.0,1.0,1.0,0.4499112388133452,1.0,0.6206052160566289
LOS_1050CFit.csv,1,1.0,1.0,1.0,1.0,1.0,1.0,1.0,1.0,1.0,1,1.0,1.0,1.0,1.0,1.0,1.0,1.0,1.0,1.0,1,1.0,1.0,1.0,1.0,1.0,1.0,0.8002329644729179,1.0,0.8890326755095439,1,1.0,1.0,1.0,1.0,1.0,1.0,0.8002329644729179,1.0,0.8890326755095439,0,0.0,0.0,0.0,0.0,0.0,0.0,0.0,0.0,0.0,1,1.0,1.0,1.0,1.0,1.0,1.0,1.0,1.0,1.0,1,1.0,1.0,1.0,1.0,1.0,1.0,1.0,1.0,1.0,1,1.0,1.0,1.0,0.0,0.0,0.0,0.8002329644729179,1.0,0.8890326755095439,1,1.0,1.0,1.0,0.0,0.0,0.0,0.8002329644729179,1.0,0.8890326755095439,0,0.0,0.0,0.0,0.0,0.0,0.0,0.0,0.0,0.0
student_loans_company_limited-2011-09-30-organogram-senior.csv,1,1.0,1.0,1.0,1.0,1.0,1.0,1.0,1.0,1.0,1,1.0,1.0,1.0,1.0,1.0,1.0,1.0,1.0,1.0,1,0.9473684210526316,0.9473684210526316,0.9473684210526316,1.0,1.0,1.0,0.9941520467836256,0.9941520467836256,0.9941520467836256,0,0.0,0.0,0.0,0.0,0.0,0.0,0.0,0.0,0.0,0,0.0,0.0,0.0,0.0,0.0,0.0,0.0,0.0,0.0,1,1.0,1.0,1.0,1.0,1.0,1.0,1.0,1.0,1.0,1,1.0,1.0,1.0,1.0,1.0,1.0,1.0,1.0,1.0,1,0.9473684210526316,0.9473684210526316,0.9473684210526316,1.0,1.0,1.0,0.9941520467836256,0.9941520467836256,0.9941520467836256,1,0.2631578947368421,0.2631578947368421,0.2631578947368421,1.0,1.0,1.0,0.9181286549707602,0.9181286549707602,0.9181286549707602,0,0.0,0.0,0.0,0.0,0.0,0.0,0.0,0.0,0.0
OccurrenceData351.csv,1,1.0,1.0,1.0,1.0,1.0,1.0,1.0,1.0,1.0,1,1.0,1.0,1.0,1.0,1.0,1.0,1.0,1.0,1.0,1,1.0,1.0,1.0,1.0,1.0,1.0,1.0,1.0,1.0,1,1.0,1.0,1.0,1.0,1.0,1.0,1.0,1.0,1.0,1,1.0,1.0,1.0,1.0,1.0,1.0,1.0,1.0,1.0,1,1.0,1.0,1.0,1.0,1.0,1.0,1.0,1.0,1.0,1,1.0,1.0,1.0,1.0,1.0,1.0,1.0,1.0,1.0,1,1.0,1.0,1.0,1.0,1.0,1.0,1.0,1.0,1.0,1,1.0,1.0,1.0,1.0,1.0,1.0,1.0,1.0,1.0,1,1.0,1.0,1.0,1.0,1.0,1.0,1.0,1.0,1.0
ResultsOR30x250-0.50_1.datInfos.csv,1,1.0,1.0,1.0,1.0,1.0,1.0,1.0,1.0,1.0,1,1.0,1.0,1.0,1.0,1.0,1.0,1.0,1.0,1.0,1,1.0,1.0,1.0,0.0,0.0,0.0,0.9696969696969696,1.0,0.9846153846153848,1,1.0,1.0,1.0,0.0,0.0,0.0,0.4848484848484848,1.0,0.653061224489796,0,0.0,0.0,0.0,0.0,0.0,0.0,0.0,0.0,0.0,1,1.0,1.0,1.0,1.0,1.0,1.0,1.0,1.0,1.0,1,0.0,0.0,0.0,0.0,0.0,0.0,0.0,0.0,0.0,0,0.0,0.0,0.0,0.0,0.0,0.0,0.0,0.0,0.0,1,0.0,0.0,0.0,0.0,0.0,0.0,0.0,0.0,0.0,0,0.0,0.0,0.0,0.0,0.0,0.0,0.0,0.0,0.0
Kokad pollen.csv,1,1.0,1.0,1.0,1.0,1.0,1.0,1.0,1.0,1.0,1,1.0,1.0,1.0,1.0,1.0,1.0,1.0,1.0,1.0,1,1.0,1.0,1.0,1.0,1.0,1.0,1.0,1.0,1.0,0,0.0,0.0,0.0,0.0,0.0,0.0,0.0,0.0,0.0,0,0.0,0.0,0.0,0.0,0.0,0.0,0.0,0.0,0.0,1,1.0,1.0,1.0,1.0,1.0,1.0,1.0,1.0,1.0,1,0.0,0.0,0.0,0.0,0.0,0.0,0.0,0.0,0.0,1,0.0,0.0,0.0,0.0,0.0,0.0,0.0,0.0,0.0,1,0.0,0.0,0.0,0.0,0.0,0.0,0.0,0.0,0.0,1,1.0,1.0,1.0,1.0,1.0,1.0,1.0,1.0,1.0
HMRC_spending_over_25000_for_September_2018.csv,1,1.0,1.0,1.0,0.9729064039408868,0.9729064039408868,0.9729064039408868,0.998069498069498,0.998069498069498,0.998069498069498,1,1.0,1.0,1.0,0.9729064039408868,0.9729064039408868,0.9729064039408868,0.998069498069498,0.998069498069498,0.998069498069498,1,1.0,1.0,1.0,0.9729064039408868,0.9729064039408868,0.9729064039408868,0.998069498069498,0.998069498069498,0.998069498069498,1,1.0,1.0,1.0,0.9729064039408868,0.9729064039408868,0.9729064039408868,0.998069498069498,0.998069498069498,0.998069498069498,1,1.0,1.0,1.0,0.9729064039408868,0.9729064039408868,0.9729064039408868,0.998069498069498,0.998069498069498,0.998069498069498,1,1.0,1.0,1.0,0.9729064039408868,0.9729064039408868,0.9729064039408868,0.998069498069498,0.998069498069498,0.998069498069498,1,1.0,1.0,1.0,0.9532019704433498,0.9532019704433498,0.9532019704433498,0.9964899964899964,0.9964899964899964,0.9964899964899964,1,1.0,1.0,1.0,0.9729064039408868,0.9729064039408868,0.9729064039408868,0.998069498069498,0.998069498069498,0.998069498069498,1,0.3571428571428571,0.3571428571428571,0.3571428571428571,0.9729064039408868,0.9729064039408868,0.9729064039408868,0.9964899964899964,0.9964899964899964,0.9964899964899964,0,0.0,0.0,0.0,0.0,0.0,0.0,0.0,0.0,0.0
epcs-dwp-cmg-spend-july-2017.csv,1,0.1428571428571428,0.1428571428571428,0.1428571428571428,1.0,0.0490196078431372,0.0934579439252336,0.9523809523809524,0.0554785020804438,0.1048492791612057,1,0.1428571428571428,0.1428571428571428,0.1428571428571428,1.0,0.0490196078431372,0.0934579439252336,0.9523809523809524,0.0554785020804438,0.1048492791612057,1,0.5714285714285714,0.5714285714285714,0.5714285714285714,1.0,0.0510204081632653,0.0970873786407767,0.9523809523809524,0.0577200577200577,0.108843537414966,0,0.0,0.0,0.0,0.0,0.0,0.0,0.0,0.0,0.0,0,0.0,0.0,0.0,0.0,0.0,0.0,0.0,0.0,0.0,0,0.0,0.0,0.0,0.0,0.0,0.0,0.0,0.0,0.0,1,0.1428571428571428,0.1428571428571428,0.1428571428571428,0.6,0.0294117647058823,0.0560747663551401,0.9523809523809524,0.0554785020804438,0.1048492791612057,1,0.5714285714285714,0.5714285714285714,0.5714285714285714,1.0,0.0510204081632653,0.0970873786407767,0.9523809523809524,0.0577200577200577,0.108843537414966,1,0.0,0.0,0.0,0.0,0.0,0.0,0.8571428571428571,0.0456852791878172,0.0867469879518072,0,0.0,0.0,0.0,0.0,0.0,0.0,0.0,0.0,0.0
pssave_traindata_m=10_n=10_timelow=15_timehight=30_numofloop=2000.csv,1,0.0,0.0,0.0,0.9,1.0,0.9473684210526316,0.9090909090909092,1.0,0.9523809523809524,1,0.0,0.0,0.0,0.9,1.0,0.9473684210526316,0.9090909090909092,1.0,0.9523809523809524,1,0.0,0.0,0.0,0.9,1.0,0.9473684210526316,0.9090909090909092,1.0,0.9523809523809524,1,1.0,1.0,1.0,0.1,0.05,0.0666666666666666,0.9181818181818182,0.8782608695652174,0.8977777777777778,1,1.0,1.0,1.0,1.0,1.0,1.0,1.0,1.0,1.0,1,0.0,0.0,0.0,0.9,1.0,0.9473684210526316,0.9090909090909092,1.0,0.9523809523809524,1,0.0,0.0,0.0,0.9,1.0,0.9473684210526316,0.9090909090909092,1.0,0.9523809523809524,1,0.0,0.0,0.0,0.9,1.0,0.9473684210526316,0.9090909090909092,1.0,0.9523809523809524,1,0.0,0.0,0.0,0.9,1.0,0.9473684210526316,0.8181818181818182,0.9,0.8571428571428572,1,0.0,0.0,0.0,0.9,1.0,0.9473684210526316,0.9090909090909092,1.0,0.9523809523809524
hist_2000_15O.csv,1,0.0,0.0,0.0,0.9875,1.0,0.9937106918238994,0.9876543209876544,1.0,0.9937888198757764,1,0.0,0.0,0.0,0.9875,1.0,0.9937106918238994,0.0123456790123456,0.0125,0.0124223602484472,1,0.0,0.0,0.0,0.9875,1.0,0.9937106918238994,0.975462962962963,0.98765625,0.9815217391304348,1,1.0,1.0,1.0,1.0,1.0,1.0,1.0,1.0,1.0,1,1.0,1.0,1.0,1.0,1.0,1.0,1.0,1.0,1.0,1,0.0,0.0,0.0,0.9875,1.0,0.9937106918238994,0.9876543209876544,1.0,0.9937888198757764,1,0.0,0.0,0.0,0.9875,1.0,0.9937106918238994,0.0123456790123456,0.0125,0.0124223602484472,1,0.0,0.0,0.0,0.9875,1.0,0.9937106918238994,0.9756172839506172,0.9878125,0.9816770186335404,1,0.0,0.0,0.0,0.0,0.0,0.0,0.0003086419753086,0.0003125,0.0003105590062111,1,0.0,0.0,0.0,0.9875,1.0,0.9937106918238994,0.9876543209876544,1.0,0.9937888198757764
mordenite-dh-2.csv,1,1.0,1.0,1.0,1.0,1.0,1.0,1.0,1.0,1.0,1,1.0,1.0,1.0,1.0,1.0,1.0,1.0,1.0,1.0,1,1.0,1.0,1.0,1.0,1.0,1.0,1.0,1.0,1.0,1,1.0,1.0,1.0,1.0,1.0,1.0,1.0,1.0,1.0,1,1.0,1.0,1.0,1.0,1.0,1.0,1.0,1.0,1.0,1,1.0,1.0,1.0,1.0,1.0,1.0,1.0,1.0,1.0,1,0.0,0.0,0.0,0.0,0.0,0.0,0.0,0.0,0.0,1,0.0,0.0,0.0,0.0,0.0,0.0,0.0,0.0,0.0,1,0.0,0.0,0.0,0.0,0.0,0.0,0.0,0.0,0.0,1,1.0,1.0,1.0,1.0,1.0,1.0,1.0,1.0,1.0
ResultsOR30x100-0.75_5.dat__m29Infos.csv,1,1.0,1.0,1.0,1.0,1.0,1.0,1.0,1.0,1.0,1,1.0,1.0,1.0,1.0,1.0,1.0,1.0,1.0,1.0,1,1.0,1.0,1.0,0.0,0.0,0.0,0.9696969696969696,1.0,0.9846153846153848,1,1.0,1.0,1.0,0.0,0.0,0.0,0.4848484848484848,1.0,0.653061224489796,0,0.0,0.0,0.0,0.0,0.0,0.0,0.0,0.0,0.0,1,1.0,1.0,1.0,1.0,1.0,1.0,1.0,1.0,1.0,1,0.0,0.0,0.0,0.0,0.0,0.0,0.0,0.0,0.0,0,0.0,0.0,0.0,0.0,0.0,0.0,0.0,0.0,0.0,1,0.0,0.0,0.0,0.0,0.0,0.0,0.0,0.0,0.0,0,0.0,0.0,0.0,0.0,0.0,0.0,0.0,0.0,0.0
Oct_2013.csv,1,1.0,1.0,1.0,1.0,1.0,1.0,1.0,1.0,1.0,1,1.0,1.0,1.0,1.0,1.0,1.0,1.0,1.0,1.0,1,1.0,1.0,1.0,1.0,1.0,1.0,1.0,1.0,1.0,1,0.8208955223880597,0.4508196721311475,0.582010582010582,0.9969325153374232,1.0,0.998463901689708,0.9994066365420604,0.999954331643604,0.9996804090763824,1,1.0,1.0,1.0,1.0,1.0,1.0,1.0,1.0,1.0,1,1.0,1.0,1.0,1.0,1.0,1.0,1.0,1.0,1.0,1,1.0,1.0,1.0,1.0,1.0,1.0,1.0,1.0,1.0,1,1.0,1.0,1.0,1.0,1.0,1.0,1.0,1.0,1.0,1,0.3134328358208955,0.3134328358208955,0.3134328358208955,1.0,1.0,1.0,0.9978547628828336,0.9978547628828336,0.9978547628828336,0,0.0,0.0,0.0,0.0,0.0,0.0,0.0,0.0,0.0
ResultsOR30x500-0.75_3.dat.csv,1,1.0,1.0,1.0,1.0,1.0,1.0,1.0,1.0,1.0,1,1.0,1.0,1.0,1.0,1.0,1.0,1.0,1.0,1.0,1,0.0074906367041198,0.0074906367041198,0.0074906367041198,0.0,0.0,0.0,0.9681658547637928,0.9699239586880036,0.9690441093094456,0,0.0,0.0,0.0,0.0,0.0,0.0,0.0,0.0,0.0,0,0.0,0.0,0.0,0.0,0.0,0.0,0.0,0.0,0.0,1,1.0,1.0,1.0,1.0,1.0,1.0,1.0,1.0,1.0,1,0.0,0.0,0.0,0.0,0.0,0.0,0.0,0.0,0.0,1,0.0,0.0,0.0,0.0,0.0,0.0,0.0,0.0,0.0,1,0.0,0.0,0.0,0.0,0.0,0.0,0.0,0.0,0.0,0,0.0,0.0,0.0,0.0,0.0,0.0,0.0,0.0,0.0
ResultsOR30x100-0.50_1.dat__m21.csv,1,1.0,1.0,1.0,1.0,1.0,1.0,1.0,1.0,1.0,1,1.0,1.0,1.0,1.0,1.0,1.0,1.0,1.0,1.0,1,0.032,0.032,0.032,0.0,0.0,0.0,0.9523652001323188,0.9596666666666668,0.95600199236261,0,0.0,0.0,0.0,0.0,0.0,0.0,0.0,0.0,0.0,0,0.0,0.0,0.0,0.0,0.0,0.0,0.0,0.0,0.0,1,1.0,1.0,1.0,1.0,1.0,1.0,1.0,1.0,1.0,1,0.0,0.0,0.0,0.0,0.0,0.0,0.0,0.0,0.0,1,0.0,0.0,0.0,0.0,0.0,0.0,0.0,0.0,0.0,1,0.0,0.0,0.0,0.0,0.0,0.0,0.0,0.0,0.0,0,0.0,0.0,0.0,0.0,0.0,0.0,0.0,0.0,0.0
ministers-overseas-travel-jan-mar-2013.csv,1,0.0,0.0,0.0,0.75,0.5454545454545454,0.631578947368421,0.9365079365079364,0.7023809523809523,0.802721088435374,1,0.0,0.0,0.0,0.75,0.5454545454545454,0.631578947368421,0.9365079365079364,0.7023809523809523,0.802721088435374,1,0.7142857142857143,0.7142857142857143,0.7142857142857143,0.75,0.75,0.75,0.9365079365079364,0.9365079365079364,0.9365079365079364,0,0.0,0.0,0.0,0.0,0.0,0.0,0.0,0.0,0.0,1,0.7142857142857143,0.7142857142857143,0.7142857142857143,0.75,0.5454545454545454,0.631578947368421,0.9523809523809524,0.7142857142857143,0.8163265306122449,1,0.7142857142857143,0.7142857142857143,0.7142857142857143,0.75,0.75,0.75,0.9365079365079364,0.9365079365079364,0.9365079365079364,1,0.0,0.0,0.0,0.75,0.5454545454545454,0.631578947368421,0.9365079365079364,0.7023809523809523,0.802721088435374,1,0.7142857142857143,0.7142857142857143,0.7142857142857143,0.5,0.5,0.5,0.8095238095238095,0.8095238095238095,0.8095238095238095,1,0.2857142857142857,0.2857142857142857,0.2857142857142857,0.75,0.75,0.75,0.8888888888888888,0.8888888888888888,0.8888888888888888,0,0.0,0.0,0.0,0.0,0.0,0.0,0.0,0.0,0.0
Consular_cases_April_2016.csv,1,1.0,1.0,1.0,1.0,1.0,1.0,1.0,1.0,1.0,1,1.0,1.0,1.0,1.0,1.0,1.0,1.0,1.0,1.0,1,1.0,1.0,1.0,1.0,1.0,1.0,1.0,1.0,1.0,1,0.4390243902439024,0.3050847457627119,0.36,0.9967637540453076,1.0,0.9983792544570502,0.9981510621557828,0.9999605895798848,0.9990550064968302,1,1.0,1.0,1.0,1.0,1.0,1.0,1.0,1.0,1.0,1,1.0,1.0,1.0,1.0,1.0,1.0,1.0,1.0,1.0,1,1.0,1.0,1.0,1.0,1.0,1.0,1.0,1.0,1.0,1,1.0,1.0,1.0,0.9935275080906149,0.9935275080906149,0.9935275080906149,0.9996852871754524,0.9996852871754524,0.9996852871754524,1,0.073170731707317,0.073170731707317,0.073170731707317,1.0,1.0,1.0,0.9969708890637292,0.9969708890637292,0.9969708890637292,1,1.0,1.0,1.0,1.0,1.0,1.0,1.0,1.0,1.0
NBA_scores_out.csv,1,1.0,1.0,1.0,1.0,1.0,1.0,1.0,1.0,1.0,1,1.0,1.0,1.0,1.0,1.0,1.0,1.0,1.0,1.0,1,0.9473684210526316,0.9473684210526316,0.9473684210526316,1.0,1.0,1.0,0.997229916897507,0.997229916897507,0.997229916897507,0,0.0,0.0,0.0,0.0,0.0,0.0,0.0,0.0,0.0,0,0.0,0.0,0.0,0.0,0.0,0.0,0.0,0.0,0.0,1,1.0,1.0,1.0,1.0,1.0,1.0,1.0,1.0,1.0,1,1.0,1.0,1.0,1.0,1.0,1.0,1.0,1.0,1.0,1,0.9473684210526316,0.9473684210526316,0.9473684210526316,1.0,1.0,1.0,0.997229916897507,0.997229916897507,0.997229916897507,1,0.9473684210526316,0.9473684210526316,0.9473684210526316,1.0,1.0,1.0,0.997229916897507,0.997229916897507,0.997229916897507,0,0.0,0.0,0.0,0.0,0.0,0.0,0.0,0.0,0.0
workforce-management-information-dft_201706.csv,1,0.1428571428571428,0.1428571428571428,0.1428571428571428,1.0,0.2083333333333333,0.3448275862068966,0.922077922077922,0.2069970845481049,0.338095238095238,1,0.1428571428571428,0.1428571428571428,0.1428571428571428,1.0,0.2083333333333333,0.3448275862068966,0.922077922077922,0.2069970845481049,0.338095238095238,1,0.119047619047619,0.119047619047619,0.119047619047619,1.0,0.2083333333333333,0.3448275862068966,0.922077922077922,0.2069970845481049,0.338095238095238,0,0.0,0.0,0.0,0.0,0.0,0.0,0.0,0.0,0.0,0,0.0,0.0,0.0,0.0,0.0,0.0,0.0,0.0,0.0,1,0.1428571428571428,0.1428571428571428,0.1428571428571428,1.0,0.2083333333333333,0.3448275862068966,0.922077922077922,0.2069970845481049,0.338095238095238,1,0.119047619047619,0.119047619047619,0.119047619047619,0.9,0.1875,0.3103448275862069,0.9177489177489178,0.206025267249757,0.3365079365079365,1,0.119047619047619,0.119047619047619,0.119047619047619,1.0,0.2083333333333333,0.3448275862068966,0.922077922077922,0.2069970845481049,0.338095238095238,1,0.0,0.0,0.0,1.0,0.2083333333333333,0.3448275862068966,0.9112554112554112,0.2045675413022351,0.3341269841269841,0,0.0,0.0,0.0,0.0,0.0,0.0,0.0,0.0,0.0
ResultsOR30x100-0.50_3.dat.csv,1,1.0,1.0,1.0,1.0,1.0,1.0,1.0,1.0,1.0,1,1.0,1.0,1.0,1.0,1.0,1.0,1.0,1.0,1.0,1,0.0298507462686567,0.0298507462686567,0.0298507462686567,0.0,0.0,0.0,0.9636281993713516,0.9706015377657168,0.9671022983325824,0,0.0,0.0,0.0,0.0,0.0,0.0,0.0,0.0,0.0,0,0.0,0.0,0.0,0.0,0.0,0.0,0.0,0.0,0.0,1,1.0,1.0,1.0,1.0,1.0,1.0,1.0,1.0,1.0,1,0.0,0.0,0.0,0.0,0.0,0.0,0.0,0.0,0.0,1,0.0,0.0,0.0,0.0,0.0,0.0,0.0,0.0,0.0,1,0.0,0.0,0.0,0.0,0.0,0.0,0.0,0.0,0.0,0,0.0,0.0,0.0,0.0,0.0,0.0,0.0,0.0,0.0
Wakefield Council Procurement Card Transactions 2018-19 Q2.csv,1,0.2608695652173913,0.2608695652173913,0.2608695652173913,1.0,0.9706776715899218,0.9851206877548772,1.0,0.970684039087948,0.9851239669421488,1,0.2608695652173913,0.2608695652173913,0.2608695652173913,1.0,0.9706776715899218,0.9851206877548772,1.0,0.970684039087948,0.9851239669421488,1,0.7391304347826086,0.7391304347826086,0.7391304347826085,1.0,0.9710995219469796,0.985337889979054,1.0,0.971105800564849,0.9853411220103604,0,0.0,0.0,0.0,0.0,0.0,0.0,0.0,0.0,0.0,0,0.0,0.0,0.0,0.0,0.0,0.0,0.0,0.0,0.0,1,1.0,1.0,1.0,1.0,0.9710995219469796,0.985337889979054,1.0,0.971105800564849,0.9853411220103604,1,0.2608695652173913,0.2608695652173913,0.2608695652173913,0.8288207652718729,0.8045178105994787,0.8164884823101509,0.9925590895827254,0.9634612661096162,0.977793747754222,1,0.7391304347826086,0.7391304347826086,0.7391304347826085,1.0,0.9710995219469796,0.985337889979054,1.0,0.971105800564849,0.9853411220103604,1,0.1739130434782608,0.1739130434782608,0.1739130434782608,1.0,0.9710995219469796,0.985337889979054,0.9998735531563078,0.9709830073014764,0.985216528735522,0,0.0,0.0,0.0,0.0,0.0,0.0,0.0,0.0,0.0
ResultsOR30x500-0.50_6.datInfos.csv,1,1.0,1.0,1.0,1.0,1.0,1.0,1.0,1.0,1.0,1,1.0,1.0,1.0,1.0,1.0,1.0,1.0,1.0,1.0,1,1.0,1.0,1.0,0.0,0.0,0.0,0.9696969696969696,1.0,0.9846153846153848,1,1.0,1.0,1.0,0.0,0.0,0.0,0.4848484848484848,1.0,0.653061224489796,0,0.0,0.0,0.0,0.0,0.0,0.0,0.0,0.0,0.0,1,1.0,1.0,1.0,1.0,1.0,1.0,1.0,1.0,1.0,1,0.0,0.0,0.0,0.0,0.0,0.0,0.0,0.0,0.0,0,0.0,0.0,0.0,0.0,0.0,0.0,0.0,0.0,0.0,1,0.0,0.0,0.0,0.0,0.0,0.0,0.0,0.0,0.0,0,0.0,0.0,0.0,0.0,0.0,0.0,0.0,0.0,0.0
AL5083-emissivity.csv,1,1.0,1.0,1.0,1.0,1.0,1.0,1.0,1.0,1.0,1,1.0,1.0,1.0,1.0,1.0,1.0,1.0,1.0,1.0,1,1.0,1.0,1.0,1.0,1.0,1.0,1.0,1.0,1.0,1,1.0,1.0,1.0,1.0,1.0,1.0,1.0,1.0,1.0,1,1.0,1.0,1.0,1.0,1.0,1.0,1.0,1.0,1.0,1,1.0,1.0,1.0,1.0,1.0,1.0,1.0,1.0,1.0,1,1.0,1.0,1.0,1.0,1.0,1.0,1.0,1.0,1.0,1,1.0,1.0,1.0,1.0,1.0,1.0,1.0,1.0,1.0,1,1.0,1.0,1.0,1.0,1.0,1.0,1.0,1.0,1.0,1,1.0,1.0,1.0,1.0,1.0,1.0,1.0,1.0,1.0
spending_2020_01.csv,1,1.0,1.0,1.0,1.0,1.0,1.0,1.0,1.0,1.0,1,1.0,1.0,1.0,1.0,1.0,1.0,1.0,1.0,1.0,1,1.0,1.0,1.0,1.0,1.0,1.0,1.0,1.0,1.0,1,1.0,1.0,1.0,0.0,0.0,0.0,0.9333359406573064,0.9333262067221324,0.93333107366434,1,1.0,1.0,1.0,1.0,1.0,1.0,1.0,1.0,1.0,1,1.0,1.0,1.0,1.0,1.0,1.0,1.0,1.0,1.0,1,1.0,1.0,1.0,0.687147997496871,0.687147997496871,0.687147997496871,0.9789328222978346,0.9789328222978346,0.9789328222978346,1,1.0,1.0,1.0,1.0,1.0,1.0,1.0,1.0,1.0,1,0.1333333333333333,0.1333333333333333,0.1333333333333333,3.911138923654568e-05,3.911138923654568e-05,3.911138923654568e-05,0.8982648258959417,0.8982648258959417,0.8982648258959417,1,1.0,1.0,1.0,1.0,1.0,1.0,1.0,1.0,1.0
ResultsOR30x100-0.50_10.dat__m28Infos.csv,1,1.0,1.0,1.0,1.0,1.0,1.0,1.0,1.0,1.0,1,1.0,1.0,1.0,1.0,1.0,1.0,1.0,1.0,1.0,1,1.0,1.0,1.0,0.0,0.0,0.0,0.9696969696969696,1.0,0.9846153846153848,1,1.0,1.0,1.0,0.0,0.0,0.0,0.4848484848484848,1.0,0.653061224489796,0,0.0,0.0,0.0,0.0,0.0,0.0,0.0,0.0,0.0,1,1.0,1.0,1.0,1.0,1.0,1.0,1.0,1.0,1.0,1,0.0,0.0,0.0,0.0,0.0,0.0,0.0,0.0,0.0,0,0.0,0.0,0.0,0.0,0.0,0.0,0.0,0.0,0.0,1,0.0,0.0,0.0,0.0,0.0,0.0,0.0,0.0,0.0,0,0.0,0.0,0.0,0.0,0.0,0.0,0.0,0.0,0.0
wairakite-dh.csv,1,1.0,1.0,1.0,1.0,1.0,1.0,1.0,1.0,1.0,1,1.0,1.0,1.0,1.0,1.0,1.0,1.0,1.0,1.0,1,1.0,1.0,1.0,1.0,1.0,1.0,1.0,1.0,1.0,1,1.0,1.0,1.0,1.0,1.0,1.0,1.0,1.0,1.0,1,1.0,1.0,1.0,1.0,1.0,1.0,1.0,1.0,1.0,1,1.0,1.0,1.0,1.0,1.0,1.0,1.0,1.0,1.0,1,0.0,0.0,0.0,0.0,0.0,0.0,0.0,0.0,0.0,1,0.0,0.0,0.0,0.0,0.0,0.0,0.0,0.0,0.0,1,0.0,0.0,0.0,0.0,0.0,0.0,0.0,0.0,0.0,1,1.0,1.0,1.0,1.0,1.0,1.0,1.0,1.0,1.0
Wine_Cellar_Consumption_dataset_14-15.csv,1,1.0,1.0,1.0,0.9730941704035876,0.9730941704035876,0.9730941704035876,0.9910714285714286,0.9910714285714286,0.9910714285714286,1,1.0,1.0,1.0,0.9730941704035876,0.9730941704035876,0.9730941704035876,0.9910714285714286,0.9910714285714286,0.9910714285714286,1,1.0,1.0,1.0,0.9730941704035876,0.9730941704035876,0.9730941704035876,0.9910714285714286,0.9910714285714286,0.9910714285714286,1,1.0,1.0,1.0,0.9730941704035876,0.9730941704035876,0.9730941704035876,0.9910714285714286,0.9910714285714286,0.9910714285714286,1,1.0,1.0,1.0,0.9730941704035876,0.9730941704035876,0.9730941704035876,0.9910714285714286,0.9910714285714286,0.9910714285714286,1,1.0,1.0,1.0,0.9730941704035876,0.9730941704035876,0.9730941704035876,0.9910714285714286,0.9910714285714286,0.9910714285714286,1,1.0,1.0,1.0,0.6278026905829597,0.6278026905829597,0.6278026905829597,0.9006696428571429,0.9006696428571429,0.9006696428571429,1,1.0,1.0,1.0,0.9730941704035876,0.9730941704035876,0.9730941704035876,0.9910714285714286,0.9910714285714286,0.9910714285714286,1,0.25,0.25,0.25,0.9730941704035876,0.9730941704035876,0.9730941704035876,0.9877232142857144,0.9877232142857144,0.9877232142857144,0,0.0,0.0,0.0,0.0,0.0,0.0,0.0,0.0,0.0
W44out.csv,1,0.3351831298557158,1.0,0.5020781379883624,1.0,1.0,1.0,0.4502441365113204,1.0,0.6209218505711999,1,0.0,0.0,0.0,0.0,0.0,0.0,0.0,0.0,0.0,1,0.3340732519422864,0.9966887417218544,0.5004156275976726,0.6655629139072847,0.6655629139072847,0.6655629139072847,0.3351794668923052,0.9999890717548576,0.5020726511553899,0,0.0,0.0,0.0,0.0,0.0,0.0,0.0,0.0,0.0,0,0.0,0.0,0.0,0.0,0.0,0.0,0.0,0.0,0.0,1,0.3351831298557158,1.0,0.5020781379883624,1.0,1.0,1.0,0.4502441365113204,1.0,0.6209218505711999,0,0.0,0.0,0.0,0.0,0.0,0.0,0.0,0.0,0.0,1,0.3340732519422864,0.9966887417218544,0.5004156275976726,0.6655629139072847,1.0,0.7992047713717694,0.2234517569403999,0.9999836076322864,0.3652797695856674,1,0.0011098779134295,0.0033112582781456,0.0016625103906899,0.6655629139072847,0.3988095238095238,0.4987593052109181,0.5575359977729183,0.9980263589272834,0.715414100156752,1,0.3351831298557158,1.0,0.5020781379883624,1.0,1.0,1.0,0.4502441365113204,1.0,0.6209218505711999
rape_table_3_prosecution_outcomes_0708_1314.csv,1,1.0,1.0,1.0,1.0,1.0,1.0,1.0,1.0,1.0,1,1.0,1.0,1.0,1.0,1.0,1.0,1.0,1.0,1.0,1,1.0,1.0,1.0,1.0,1.0,1.0,1.0,1.0,1.0,1,1.0,1.0,1.0,1.0,1.0,1.0,1.0,1.0,1.0,1,1.0,1.0,1.0,1.0,1.0,1.0,1.0,1.0,1.0,1,1.0,1.0,1.0,1.0,1.0,1.0,1.0,1.0,1.0,1,1.0,1.0,1.0,1.0,1.0,1.0,1.0,1.0,1.0,1,1.0,1.0,1.0,1.0,1.0,1.0,1.0,1.0,1.0,1,0.0,0.0,0.0,1.0,1.0,1.0,0.9230769230769232,0.9230769230769232,0.9230769230769232,0,0.0,0.0,0.0,0.0,0.0,0.0,0.0,0.0,0.0
hypo5.csv,1,1.0,1.0,1.0,1.0,1.0,1.0,1.0,1.0,1.0,1,1.0,1.0,1.0,1.0,1.0,1.0,1.0,1.0,1.0,1,1.0,1.0,1.0,1.0,1.0,1.0,1.0,1.0,1.0,1,1.0,1.0,1.0,1.0,1.0,1.0,1.0,1.0,1.0,1,1.0,1.0,1.0,1.0,1.0,1.0,1.0,1.0,1.0,1,1.0,1.0,1.0,1.0,1.0,1.0,1.0,1.0,1.0,1,1.0,1.0,1.0,1.0,1.0,1.0,1.0,1.0,1.0,1,1.0,1.0,1.0,1.0,1.0,1.0,1.0,1.0,1.0,1,1.0,1.0,1.0,1.0,1.0,1.0,1.0,1.0,1.0,1,1.0,1.0,1.0,1.0,1.0,1.0,1.0,1.0,1.0
Sustainability_-_Water_consumption_P_56.csv,1,0.0,0.0,0.0,1.0,0.5,0.6666666666666666,0.6666666666666666,0.4444444444444444,0.5333333333333333,1,0.0,0.0,0.0,1.0,0.5,0.6666666666666666,0.6666666666666666,0.4444444444444444,0.5333333333333333,1,0.0,0.0,0.0,1.0,0.5,0.6666666666666666,0.8333333333333334,0.5555555555555556,0.6666666666666667,1,1.0,1.0,1.0,1.0,0.5,0.6666666666666666,1.0,0.6666666666666666,0.8,1,1.0,1.0,1.0,1.0,0.5,0.6666666666666666,1.0,0.6666666666666666,0.8,1,0.0,0.0,0.0,1.0,0.5,0.6666666666666666,0.6666666666666666,0.4444444444444444,0.5333333333333333,1,0.0,0.0,0.0,1.0,0.5,0.6666666666666666,0.6666666666666666,0.4444444444444444,0.5333333333333333,1,0.0,0.0,0.0,1.0,0.5,0.6666666666666666,0.8333333333333334,0.5555555555555556,0.6666666666666667,1,0.0,0.0,0.0,1.0,0.5,0.6666666666666666,0.8333333333333334,0.5555555555555556,0.6666666666666667,0,0.0,0.0,0.0,0.0,0.0,0.0,0.0,0.0,0.0
vissim_data_conf2473_i7_v1987.csv,1,1.0,1.0,1.0,1.0,1.0,1.0,1.0,1.0,1.0,1,1.0,1.0,1.0,1.0,1.0,1.0,1.0,1.0,1.0,1,0.0,0.0,0.0,0.0,0.0,0.0,0.0,0.0,0.0,0,0.0,0.0,0.0,0.0,0.0,0.0,0.0,0.0,0.0,0,0.0,0.0,0.0,0.0,0.0,0.0,0.0,0.0,0.0,1,0.0,0.0,0.0,0.0,0.0,0.0,0.0,0.0,0.0,1,0.0,0.0,0.0,0.0,0.0,0.0,0.0,0.0,0.0,1,0.0,0.0,0.0,0.0,0.0,0.0,0.0,0.0,0.0,1,0.0,0.0,0.0,0.0,0.0,0.0,0.0,0.0,0.0,1,0.0,0.0,0.0,0.0,0.0,0.0,0.0,0.0,0.0
Camp Palacios - Humidity.csv,1,0.0,0.0,0.0,0.9999699076163824,1.0,0.9999849535818,0.9999699085219066,1.0,0.9999849540345755,1,0.0,0.0,0.0,0.9999699076163824,1.0,0.9999849535818,0.9999699085219066,1.0,0.9999849540345755,1,0.0,0.0,0.0,0.9999699076163824,1.0,0.9999849535818,0.9999699085219066,1.0,0.9999849540345755,1,1.0,1.0,1.0,1.0,1.0,1.0,1.0,1.0,1.0,1,1.0,1.0,1.0,1.0,1.0,1.0,1.0,1.0,1.0,1,0.0,0.0,0.0,0.9999699076163824,1.0,0.9999849535818,0.9999699085219066,1.0,0.9999849540345755,1,0.0,0.0,0.0,0.9999699076163824,1.0,0.9999849535818,0.9999699085219066,1.0,0.9999849540345755,1,0.0,0.0,0.0,0.9983449189010262,0.9983749623833884,0.998359940416184,0.9994282619162254,0.9994583370948812,0.9994432992792984,1,0.0,0.0,0.0,0.9983449189010262,0.9983749623833884,0.998359940416184,0.999398170438132,0.9994282447112636,0.9994132073484496,1,0.0,0.0,0.0,0.9999699076163824,1.0,0.9999849535818,0.9999699085219066,1.0,0.9999849540345755
vissim_data_conf2473_i12_v2026.csv,1,1.0,1.0,1.0,1.0,1.0,1.0,1.0,1.0,1.0,1,1.0,1.0,1.0,1.0,1.0,1.0,1.0,1.0,1.0,1,0.8888888888888888,0.8888888888888888,0.8888888888888888,1.0,1.0,1.0,0.9989106753812635,0.9989106753812635,0.9989106753812635,0,0.0,0.0,0.0,0.0,0.0,0.0,0.0,0.0,0.0,0,0.0,0.0,0.0,0.0,0.0,0.0,0.0,0.0,0.0,1,1.0,1.0,1.0,1.0,1.0,1.0,1.0,1.0,1.0,1,0.0,0.0,0.0,0.0,0.0,0.0,0.0,0.0,0.0,1,0.0,0.0,0.0,0.0,0.0,0.0,0.0,0.0,0.0,1,0.0,0.0,0.0,0.0,0.0,0.0,0.0,0.0,0.0,1,1.0,1.0,1.0,1.0,1.0,1.0,1.0,1.0,1.0
fire_archive_V1_50574.csv,1,1.0,1.0,1.0,1.0,1.0,1.0,1.0,1.0,1.0,1,1.0,1.0,1.0,1.0,1.0,1.0,1.0,1.0,1.0,1,1.0,1.0,1.0,1.0,1.0,1.0,1.0,1.0,1.0,1,1.0,1.0,1.0,1.0,1.0,1.0,1.0,1.0,1.0,1,1.0,1.0,1.0,1.0,1.0,1.0,1.0,1.0,1.0,1,1.0,1.0,1.0,1.0,1.0,1.0,1.0,1.0,1.0,1,1.0,1.0,1.0,1.0,1.0,1.0,1.0,1.0,1.0,1,1.0,1.0,1.0,1.0,1.0,1.0,1.0,1.0,1.0,1,1.0,1.0,1.0,0.9987896762469678,0.9987896762469678,0.9987896762469678,0.97066130715588,0.97066130715588,0.97066130715588,1,1.0,1.0,1.0,1.0,1.0,1.0,1.0,1.0,1.0
extended.csv,1,0.0,0.0,0.0,0.995475113122172,1.0,0.9977324263038548,0.9954954954954957,1.0,0.9977426636568848,1,0.0,0.0,0.0,0.995475113122172,1.0,0.9977324263038548,0.9954954954954957,1.0,0.9977426636568848,1,0.0,0.0,0.0,0.995475113122172,1.0,0.9977324263038548,0.990990990990991,0.995475113122172,0.9932279909706544,0,0.0,0.0,0.0,0.0,0.0,0.0,0.0,0.0,0.0,1,1.0,1.0,1.0,1.0,1.0,1.0,1.0,1.0,1.0,1,0.0,0.0,0.0,0.995475113122172,1.0,0.9977324263038548,0.9954954954954957,1.0,0.9977426636568848,1,0.0,0.0,0.0,0.995475113122172,1.0,0.9977324263038548,0.9954954954954957,1.0,0.9977426636568848,1,0.0,0.0,0.0,0.995475113122172,1.0,0.9977324263038548,0.9910521381109616,0.9955365369259432,0.9932892761202416,1,0.0,0.0,0.0,0.0,0.0,0.0,0.0,0.0,0.0,1,0.0,0.0,0.0,0.995475113122172,1.0,0.9977324263038548,0.9954954954954957,1.0,0.9977426636568848
S39.csv,1,1.0,1.0,1.0,1.0,1.0,1.0,1.0,1.0,1.0,1,1.0,1.0,1.0,1.0,1.0,1.0,1.0,1.0,1.0,1,1.0,1.0,1.0,1.0,1.0,1.0,1.0,1.0,1.0,1,1.0,1.0,1.0,1.0,1.0,1.0,1.0,1.0,1.0,1,1.0,1.0,1.0,1.0,1.0,1.0,1.0,1.0,1.0,1,1.0,1.0,1.0,1.0,1.0,1.0,1.0,1.0,1.0,1,1.0,1.0,1.0,1.0,1.0,1.0,1.0,1.0,1.0,1,1.0,1.0,1.0,1.0,1.0,1.0,1.0,1.0,1.0,1,1.0,1.0,1.0,1.0,1.0,1.0,1.0,1.0,1.0,1,1.0,1.0,1.0,1.0,1.0,1.0,1.0,1.0,1.0
Resultsgk06.datInfos.csv,1,1.0,1.0,1.0,1.0,1.0,1.0,1.0,1.0,1.0,1,1.0,1.0,1.0,1.0,1.0,1.0,1.0,1.0,1.0,1,1.0,1.0,1.0,0.0,0.0,0.0,0.9696969696969696,1.0,0.9846153846153848,1,1.0,1.0,1.0,0.0,0.0,0.0,0.9393939393939394,0.9393939393939394,0.9393939393939394,0,0.0,0.0,0.0,0.0,0.0,0.0,0.0,0.0,0.0,1,1.0,1.0,1.0,1.0,1.0,1.0,1.0,1.0,1.0,1,0.0,0.0,0.0,0.0,0.0,0.0,0.0,0.0,0.0,0,0.0,0.0,0.0,0.0,0.0,0.0,0.0,0.0,0.0,1,0.0,0.0,0.0,0.0,0.0,0.0,0.0,0.0,0.0,0,0.0,0.0,0.0,0.0,0.0,0.0,0.0,0.0,0.0
SouthTrent_Demand_zone-based.csv,1,0.0,0.0,0.0,0.99609375,1.0,0.9980430528375732,0.9961089494163424,1.0,0.9980506822612086,1,0.0,0.0,0.0,0.99609375,1.0,0.9980430528375732,0.9961089494163424,1.0,0.9980506822612086,1,0.0,0.0,0.0,0.99609375,1.0,0.9980430528375732,0.9922786964980544,0.99615478515625,0.9942129629629628,1,1.0,1.0,1.0,1.0,1.0,1.0,1.0,1.0,1.0,1,1.0,1.0,1.0,1.0,1.0,1.0,1.0,1.0,1.0,1,0.0,0.0,0.0,0.99609375,1.0,0.9980430528375732,0.9961089494163424,1.0,0.9980506822612086,1,0.0,0.0,0.0,0.99609375,1.0,0.9980430528375732,0.9961089494163424,1.0,0.9980506822612086,1,0.0,0.0,0.0,0.99609375,1.0,0.9980430528375732,0.992521887159533,0.99639892578125,0.9944566276803118,1,0.0,0.0,0.0,0.0,0.0,0.0,0.0,0.0,0.0,1,0.0,0.0,0.0,0.99609375,1.0,0.9980430528375732,0.9961089494163424,1.0,0.9980506822612086
O18_air.csv,1,0.5,0.5,0.5,0.999000999000999,0.999000999000999,0.999000999000999,0.5,0.5,0.5,1,1.0,1.0,1.0,0.999000999000999,0.999000999000999,0.999000999000999,0.999500998003992,0.999500998003992,0.999500998003992,1,0.5,0.5,0.5,0.999000999000999,0.999000999000999,0.999000999000999,0.5,0.5,0.5,1,1.0,1.0,1.0,0.999000999000999,0.999000999000999,0.999000999000999,0.5004990019960079,0.5004990019960079,0.5004990019960079,1,1.0,1.0,1.0,0.999000999000999,0.999000999000999,0.999000999000999,0.5004990019960079,0.5004990019960079,0.5004990019960079,1,0.5,0.5,0.5,0.999000999000999,0.999000999000999,0.999000999000999,0.5,0.5,0.5,1,0.0,0.0,0.0,0.998001998001998,0.999,0.9985007496251872,0.998502994011976,0.9995004995004996,0.99900149775337,1,0.5,0.5,0.5,0.999000999000999,0.999000999000999,0.999000999000999,0.5,0.5,0.5,1,0.0,0.0,0.0,0.0769230769230769,0.0769230769230769,0.0769230769230769,0.4900199600798403,0.4900199600798403,0.4900199600798403,1,0.5,0.5,0.5,0.999000999000999,0.999000999000999,0.999000999000999,0.5,0.5,0.5
Note_4_Staff_costs_-_Average_number_of_persons_employed_13-14.csv,1,0.0,0.0,0.0,1.0,0.7368421052631579,0.8484848484848484,0.975,0.73125,0.8357142857142857,1,0.0,0.0,0.0,1.0,0.7368421052631579,0.8484848484848484,0.975,0.73125,0.8357142857142857,1,0.0,0.0,0.0,1.0,0.7368421052631579,0.8484848484848484,0.975,0.73125,0.8357142857142857,0,0.0,0.0,0.0,0.0,0.0,0.0,0.0,0.0,0.0,0,0.0,0.0,0.0,0.0,0.0,0.0,0.0,0.0,0.0,1,0.0,0.0,0.0,1.0,0.7368421052631579,0.8484848484848484,0.975,0.73125,0.8357142857142857,1,0.0,0.0,0.0,0.8571428571428571,0.631578947368421,0.7272727272727273,0.9583333333333334,0.71875,0.8214285714285714,1,0.0,0.0,0.0,1.0,0.7368421052631579,0.8484848484848484,0.975,0.73125,0.8357142857142857,1,0.0,0.0,0.0,1.0,0.7368421052631579,0.8484848484848484,0.975,0.73125,0.8357142857142857,0,0.0,0.0,0.0,0.0,0.0,0.0,0.0,0.0,0.0
all.csv,1,1.0,1.0,1.0,1.0,1.0,1.0,1.0,1.0,1.0,1,1.0,1.0,1.0,0.0515933232169954,1.0,0.0981240981240981,0.0519529768676526,1.0,0.0987743330930065,1,1.0,1.0,1.0,1.0,1.0,1.0,1.0,1.0,1.0,1,1.0,1.0,1.0,0.9996206373292869,0.999241562381494,0.9994310639104874,0.9999655255627952,0.999827651580435,0.9998965838188149,1,1.0,1.0,1.0,1.0,1.0,1.0,1.0,1.0,1.0,1,1.0,1.0,1.0,1.0,1.0,1.0,1.0,1.0,1.0,0,0.0,0.0,0.0,0.0,0.0,0.0,0.0,0.0,0.0,1,1.0,1.0,1.0,1.0,1.0,1.0,1.0,1.0,1.0,1,0.5454545454545454,0.5454545454545454,0.5454545454545454,1.0,1.0,1.0,0.999827627813976,0.999827627813976,0.999827627813976,0,0.0,0.0,0.0,0.0,0.0,0.0,0.0,0.0,0.0
20170320-ePC_Data-Travel-Stationery.csv,1,0.0,0.0,0.0,1.0,0.625,0.7692307692307693,1.0,0.6470588235294118,0.7857142857142858,1,0.0,0.0,0.0,1.0,0.625,0.7692307692307693,1.0,0.6470588235294118,0.7857142857142858,1,1.0,1.0,1.0,1.0,0.7142857142857143,0.8333333333333333,1.0,0.7333333333333333,0.846153846153846,1,1.0,1.0,1.0,1.0,0.7142857142857143,0.8333333333333333,1.0,0.7333333333333333,0.846153846153846,1,1.0,1.0,1.0,1.0,0.625,0.7692307692307693,1.0,0.6470588235294118,0.7857142857142858,1,1.0,1.0,1.0,1.0,0.7142857142857143,0.8333333333333333,1.0,0.7333333333333333,0.846153846153846,1,0.0,0.0,0.0,1.0,0.625,0.7692307692307693,1.0,0.6470588235294118,0.7857142857142858,1,1.0,1.0,1.0,1.0,0.7142857142857143,0.8333333333333333,1.0,0.7333333333333333,0.846153846153846,1,0.0,0.0,0.0,1.0,0.7142857142857143,0.8333333333333333,1.0,0.7333333333333333,0.846153846153846,1,0.0,0.0,0.0,1.0,0.625,0.7692307692307693,1.0,0.6470588235294118,0.7857142857142858
business_expenses_apr_jun_14_peter_lewis.csv,1,0.0,0.0,0.0,1.0,0.6923076923076923,0.8181818181818181,0.9555555555555556,0.6825396825396826,0.7962962962962964,1,0.0,0.0,0.0,1.0,0.6923076923076923,0.8181818181818181,0.9555555555555556,0.6825396825396826,0.7962962962962964,1,0.5555555555555556,0.5555555555555556,0.5555555555555556,1.0,0.8181818181818182,0.9,0.9555555555555556,0.7962962962962963,0.8686868686868687,1,1.0,1.0,1.0,0.1111111111111111,0.0526315789473684,0.0714285714285714,0.9111111111111112,0.8282828282828283,0.8677248677248678,1,1.0,1.0,1.0,1.0,0.6923076923076923,0.8181818181818181,1.0,0.7142857142857143,0.8333333333333333,1,0.5555555555555556,0.5555555555555556,0.5555555555555556,1.0,0.8181818181818182,0.9,0.9555555555555556,0.7962962962962963,0.8686868686868687,1,0.0,0.0,0.0,1.0,0.6923076923076923,0.8181818181818181,0.9555555555555556,0.6825396825396826,0.7962962962962964,1,0.5555555555555556,0.5555555555555556,0.5555555555555556,1.0,0.8181818181818182,0.9,0.9555555555555556,0.7962962962962963,0.8686868686868687,1,0.4444444444444444,0.4444444444444444,0.4444444444444444,1.0,0.8181818181818182,0.9,0.9444444444444444,0.7870370370370371,0.8585858585858587,0,0.0,0.0,0.0,0.0,0.0,0.0,0.0,0.0,0.0
Auto_Tone_sub315_day1.csv,1,1.0,1.0,1.0,1.0,1.0,1.0,1.0,1.0,1.0,1,1.0,1.0,1.0,1.0,1.0,1.0,1.0,1.0,1.0,1,0.125,0.125,0.125,0.0,0.0,0.0,0.6232142857142857,0.6232142857142857,0.6232142857142857,1,0.0,0.0,0.0,1.0,0.9964285714285714,0.998211091234347,1.0,0.99644128113879,0.9982174688057042,1,0.0,0.0,0.0,1.0,0.9964285714285714,0.998211091234347,1.0,0.99644128113879,0.9982174688057042,1,0.375,0.375,0.375,0.0,0.0,0.0,0.375,0.375,0.375,1,0.625,0.625,0.625,0.0,0.0,0.0,0.625,0.625,0.625,1,0.75,0.75,0.75,1.0,1.0,1.0,0.9991071428571427,0.9991071428571427,0.9991071428571427,1,0.0,0.0,0.0,0.0,0.0,0.0,0.625,0.6227758007117438,0.6238859180035651,1,1.0,1.0,1.0,1.0,1.0,1.0,1.0,1.0,1.0
GPC_DCLG_December_2015_for_Publication.csv,1,1.0,1.0,1.0,1.0,1.0,1.0,1.0,1.0,1.0,1,1.0,1.0,1.0,1.0,1.0,1.0,1.0,1.0,1.0,1,1.0,1.0,1.0,1.0,1.0,1.0,1.0,1.0,1.0,1,1.0,1.0,1.0,1.0,1.0,1.0,1.0,1.0,1.0,1,1.0,1.0,1.0,1.0,1.0,1.0,1.0,1.0,1.0,1,1.0,1.0,1.0,1.0,1.0,1.0,1.0,1.0,1.0,1,1.0,1.0,1.0,1.0,1.0,1.0,1.0,1.0,1.0,1,1.0,1.0,1.0,1.0,1.0,1.0,1.0,1.0,1.0,1,0.4,0.4,0.4000000000000001,0.875,0.875,0.875,0.9111111111111112,0.9111111111111112,0.9111111111111112,0,0.0,0.0,0.0,0.0,0.0,0.0,0.0,0.0,0.0
W32.csv,1,1.0,1.0,1.0,1.0,1.0,1.0,1.0,1.0,1.0,1,1.0,1.0,1.0,1.0,1.0,1.0,1.0,1.0,1.0,1,1.0,1.0,1.0,1.0,1.0,1.0,1.0,1.0,1.0,1,1.0,1.0,1.0,1.0,1.0,1.0,1.0,1.0,1.0,1,1.0,1.0,1.0,1.0,1.0,1.0,1.0,1.0,1.0,1,1.0,1.0,1.0,1.0,1.0,1.0,1.0,1.0,1.0,1,1.0,1.0,1.0,1.0,1.0,1.0,1.0,1.0,1.0,1,1.0,1.0,1.0,1.0,1.0,1.0,1.0,1.0,1.0,1,1.0,1.0,1.0,1.0,1.0,1.0,1.0,1.0,1.0,1,1.0,1.0,1.0,1.0,1.0,1.0,1.0,1.0,1.0
