file,clevercs_success,clevercs_header_precision,clevercs_header_recall,clevercs_header_f1,clevercs_record_precision,clevercs_record_recall,clevercs_record_f1,clevercs_cell_precision,clevercs_cell_recall,clevercs_cell_f1,duckdbauto_success,duckdbauto_header_precision,duckdbauto_header_recall,duckdbauto_header_f1,duckdbauto_record_precision,duckdbauto_record_recall,duckdbauto_record_f1,duckdbauto_cell_precision,duckdbauto_cell_recall,duckdbauto_cell_f1,duckdbparse_success,duckdbparse_header_precision,duckdbparse_header_recall,duckdbparse_header_f1,duckdbparse_record_precision,duckdbparse_record_recall,duckdbparse_record_f1,duckdbparse_cell_precision,duckdbparse_cell_recall,duckdbparse_cell_f1,pandas_success,pandas_header_precision,pandas_header_recall,pandas_header_f1,pandas_record_precision,pandas_record_recall,pandas_record_f1,pandas_cell_precision,pandas_cell_recall,pandas_cell_f1,pycsv_success,pycsv_header_precision,pycsv_header_recall,pycsv_header_f1,pycsv_record_precision,pycsv_record_recall,pycsv_record_f1,pycsv_cell_precision,pycsv_cell_recall,pycsv_cell_f1
unicode_bom_plus_smart_quotes.csv,0,0.0,0.0,0.0,0.0,0.0,0.0,0.0,0.0,0.0,1,0.8888888888888888,0.8888888888888888,0.8888888888888888,0.927710843373494,0.927710843373494,0.927710843373494,0.9907407407407408,0.9907407407407408,0.9907407407407408,1,1.0,1.0,1.0,1.0,1.0,1.0,1.0,1.0,1.0,0,0.0,0.0,0.0,0.0,0.0,0.0,0.0,0.0,0.0,0,0.0,0.0,0.0,0.0,0.0,0.0,0.0,0.0,0.0
unicode_bom_utf16be_in_utf8.csv,0,0.0,0.0,0.0,0.0,0.0,0.0,0.0,0.0,0.0,1,0.0,0.0,0.0,0.927710843373494,0.927710843373494,0.927710843373494,0.98015873015873,0.98015873015873,0.98015873015873,1,1.0,1.0,1.0,1.0,1.0,1.0,1.0,1.0,1.0,0,0.0,0.0,0.0,0.0,0.0,0.0,0.0,0.0,0.0,0,0.0,0.0,0.0,0.0,0.0,0.0,0.0,0.0,0.0
unicode_bom_utf16le_in_utf8.csv,0,0.0,0.0,0.0,0.0,0.0,0.0,0.0,0.0,0.0,1,0.0,0.0,0.0,0.927710843373494,0.927710843373494,0.927710843373494,0.98015873015873,0.98015873015873,0.98015873015873,1,1.0,1.0,1.0,1.0,1.0,1.0,1.0,1.0,1.0,0,0.0,0.0,0.0,0.0,0.0,0.0,0.0,0.0,0.0,0,0.0,0.0,0.0,0.0,0.0,0.0,0.0,0.0,0.0
unicode_bom_utf32be.csv,0,0.0,0.0,0.0,0.0,0.0,0.0,0.0,0.0,0.0,1,0.0,0.0,0.0,0.927710843373494,0.927710843373494,0.927710843373494,0.98015873015873,0.98015873015873,0.98015873015873,1,1.0,1.0,1.0,1.0,1.0,1.0,1.0,1.0,1.0,0,0.0,0.0,0.0,0.0,0.0,0.0,0.0,0.0,0.0,0,0.0,0.0,0.0,0.0,0.0,0.0,0.0,0.0,0.0
unicode_bom_utf8.csv,0,0.0,0.0,0.0,0.0,0.0,0.0,0.0,0.0,0.0,1,1.0,1.0,1.0,0.927710843373494,0.927710843373494,0.927710843373494,0.992063492063492,0.992063492063492,0.992063492063492,1,1.0,1.0,1.0,1.0,1.0,1.0,1.0,1.0,1.0,0,0.0,0.0,0.0,0.0,0.0,0.0,0.0,0.0,0.0,0,0.0,0.0,0.0,0.0,0.0,0.0,0.0,0.0,0.0
unicode_bom_utf8_doubled.csv,0,0.0,0.0,0.0,0.0,0.0,0.0,0.0,0.0,0.0,1,1.0,1.0,1.0,0.927710843373494,0.927710843373494,0.927710843373494,0.992063492063492,0.992063492063492,0.992063492063492,1,1.0,1.0,1.0,1.0,1.0,1.0,1.0,1.0,1.0,0,0.0,0.0,0.0,0.0,0.0,0.0,0.0,0.0,0.0,0,0.0,0.0,0.0,0.0,0.0,0.0,0.0,0.0,0.0
unicode_bom_with_embedded_nul.csv,0,0.0,0.0,0.0,0.0,0.0,0.0,0.0,0.0,0.0,1,1.0,1.0,1.0,0.9036144578313252,0.9036144578313252,0.9036144578313252,0.988095238095238,0.988095238095238,0.988095238095238,1,1.0,1.0,1.0,0.963855421686747,0.963855421686747,0.963855421686747,0.996031746031746,0.996031746031746,0.996031746031746,0,0.0,0.0,0.0,0.0,0.0,0.0,0.0,0.0,0.0,0,0.0,0.0,0.0,0.0,0.0,0.0,0.0,0.0,0.0
unicode_bom_with_nel.csv,0,0.0,0.0,0.0,0.0,0.0,0.0,0.0,0.0,0.0,1,0.0,0.0,0.0,0.0,0.0,0.0,0.7711640211640212,0.4331352154531946,0.554709800190295,1,1.0,1.0,1.0,0.0,0.0,0.0,0.0119047619047619,1.0,0.0235294117647058,0,0.0,0.0,0.0,0.0,0.0,0.0,0.0,0.0,0.0,0,0.0,0.0,0.0,0.0,0.0,0.0,0.0,0.0,0.0
unicode_bom_with_ps.csv,0,0.0,0.0,0.0,0.0,0.0,0.0,0.0,0.0,0.0,1,0.0,0.0,0.0,0.0,0.0,0.0,0.7711640211640212,0.4331352154531946,0.554709800190295,1,1.0,1.0,1.0,0.0,0.0,0.0,0.0119047619047619,1.0,0.0235294117647058,0,0.0,0.0,0.0,0.0,0.0,0.0,0.0,0.0,0.0,0,0.0,0.0,0.0,0.0,0.0,0.0,0.0,0.0,0.0
unicode_crlf_to_lf_with_bom.csv,0,0.0,0.0,0.0,0.0,0.0,0.0,0.0,0.0,0.0,1,1.0,1.0,1.0,0.927710843373494,0.927710843373494,0.927710843373494,0.992063492063492,0.992063492063492,0.992063492063492,1,1.0,1.0,1.0,1.0,1.0,1.0,1.0,1.0,1.0,0,0.0,0.0,0.0,0.0,0.0,0.0,0.0,0.0,0.0,0,0.0,0.0,0.0,0.0,0.0,0.0,0.0,0.0,0.0
unicode_fffd_everywhere.csv,0,0.0,0.0,0.0,0.0,0.0,0.0,0.0,0.0,0.0,1,0.0,0.0,0.0,0.0,0.0,0.0,0.4894179894179894,0.4111111111111111,0.4468599033816425,1,1.0,1.0,1.0,0.0,0.0,0.0,0.4748677248677249,0.539039039039039,0.5049226441631505,0,0.0,0.0,0.0,0.0,0.0,0.0,0.0,0.0,0.0,0,0.0,0.0,0.0,0.0,0.0,0.0,0.0,0.0,0.0
unicode_ideographic_space_delim.csv,1,1.0,1.0,1.0,1.0,1.0,1.0,1.0,1.0,1.0,1,0.0,0.0,0.0,0.0,0.0,0.0,0.1097883597883597,0.141156462585034,0.1235119047619047,1,1.0,1.0,1.0,1.0,1.0,1.0,1.0,1.0,1.0,1,0.0,0.0,0.0,0.0,0.0,0.0,0.0,0.0,0.0,1,1.0,1.0,1.0,1.0,1.0,1.0,1.0,1.0,1.0
unicode_invalid_utf8_bytes.csv,0,0.0,0.0,0.0,0.0,0.0,0.0,0.0,0.0,0.0,1,1.0,1.0,1.0,0.891566265060241,0.925,0.9079754601226994,0.9563492063492064,0.9917695473251028,0.973737373737374,1,1.0,1.0,1.0,0.963855421686747,1.0,0.98159509202454,0.9642857142857144,1.0,0.9818181818181818,0,0.0,0.0,0.0,0.0,0.0,0.0,0.0,0.0,0.0,0,0.0,0.0,0.0,0.0,0.0,0.0,0.0,0.0,0.0
unicode_invalid_utf8_in_quoted_field.csv,0,0.0,0.0,0.0,0.0,0.0,0.0,0.0,0.0,0.0,1,0.0,0.0,0.0,0.927710843373494,0.927710843373494,0.927710843373494,0.98015873015873,0.98015873015873,0.98015873015873,1,1.0,1.0,1.0,1.0,1.0,1.0,1.0,1.0,1.0,0,0.0,0.0,0.0,0.0,0.0,0.0,0.0,0.0,0.0,0,0.0,0.0,0.0,0.0,0.0,0.0,0.0,0.0,0.0
unicode_lone_surrogate.csv,0,0.0,0.0,0.0,0.0,0.0,0.0,0.0,0.0,0.0,1,1.0,0.9,0.9473684210526316,0.9156626506024096,0.926829268292683,0.9212121212121211,0.9814814814814816,0.8939759036144578,0.935687263556116,1,1.0,1.0,1.0,0.9879518072289156,1.0,0.993939393939394,0.988095238095238,1.0,0.9940119760479044,0,0.0,0.0,0.0,0.0,0.0,0.0,0.0,0.0,0.0,0,0.0,0.0,0.0,0.0,0.0,0.0,0.0,0.0,0.0
unicode_ls_no_terminator.csv,0,0.0,0.0,0.0,0.0,0.0,0.0,0.0,0.0,0.0,1,0.0,0.0,0.0,0.0,0.0,0.0,0.7724867724867724,0.4338781575037147,0.5556612749762132,1,1.0,1.0,1.0,0.0,0.0,0.0,0.0119047619047619,1.0,0.0235294117647058,0,0.0,0.0,0.0,0.0,0.0,0.0,0.0,0.0,0.0,0,0.0,0.0,0.0,0.0,0.0,0.0,0.0,0.0,0.0
unicode_mixed_header_utf16_body_utf8.csv,0,0.0,0.0,0.0,0.0,0.0,0.0,0.0,0.0,0.0,1,0.0,0.0,0.0,0.0,0.0,0.0,0.2182539682539682,0.9705882352941176,0.3563714902807775,1,1.0,1.0,1.0,1.0,0.988095238095238,0.9940119760479044,0.9986772486772488,0.9869281045751634,0.9927679158448388,1,0.0,0.0,0.0,0.9879518072289156,0.9761904761904762,0.9820359281437124,0.9867724867724867,0.9751633986928104,0.9809335963182118,1,0.0,0.0,0.0,0.927710843373494,0.9166666666666666,0.9221556886227544,0.9788359788359788,0.9762532981530344,0.977542932628798
unicode_mixed_line_endings.csv,0,0.0,0.0,0.0,0.0,0.0,0.0,0.0,0.0,0.0,1,1.0,0.36,0.5294117647058824,0.3734939759036144,0.62,0.4661654135338345,0.9484126984126984,0.5623529411764706,0.706056129985229,1,1.0,1.0,1.0,0.3975903614457831,0.66,0.4962406015037595,0.5846560846560847,0.9629629629629628,0.7275720164609054,0,0.0,0.0,0.0,0.0,0.0,0.0,0.0,0.0,0.0,0,0.0,0.0,0.0,0.0,0.0,0.0,0.0,0.0,0.0
unicode_mixed_smart_ascii_quotes.csv,1,1.0,1.0,1.0,0.4939759036144578,0.4939759036144578,0.4939759036144578,0.8703703703703703,0.7852028639618138,0.8255959849435383,1,1.0,0.6,0.7499999999999999,0.4578313253012048,0.4578313253012048,0.4578313253012048,0.8664021164021164,0.5198412698412699,0.6498015873015873,1,1.0,1.0,1.0,0.4939759036144578,0.4939759036144578,0.4939759036144578,0.8227513227513228,0.8227513227513228,0.8227513227513228,1,1.0,1.0,1.0,0.4939759036144578,0.8723404255319149,0.6307692307692309,0.5555555555555556,0.9722222222222222,0.7070707070707072,1,1.0,1.0,1.0,0.4578313253012048,0.4578313253012048,0.4578313253012048,0.8664021164021164,0.7806912991656734,0.8213166144200625
unicode_multiple_boms_scattered.csv,0,0.0,0.0,0.0,0.0,0.0,0.0,0.0,0.0,0.0,1,1.0,1.0,1.0,0.9156626506024096,0.9047619047619048,0.9101796407185628,0.9907407407407408,0.9790849673202614,0.984878369493754,1,1.0,1.0,1.0,0.9879518072289156,0.9761904761904762,0.9820359281437124,0.9986772486772488,0.9869281045751634,0.9927679158448388,0,0.0,0.0,0.0,0.0,0.0,0.0,0.0,0.0,0.0,0,0.0,0.0,0.0,0.0,0.0,0.0,0.0,0.0,0.0
unicode_nbsp_field_delim.csv,1,1.0,1.0,1.0,1.0,1.0,1.0,1.0,1.0,1.0,1,0.0,0.0,0.0,0.0,0.0,0.0,0.1097883597883597,0.141156462585034,0.1235119047619047,1,1.0,1.0,1.0,1.0,1.0,1.0,1.0,1.0,1.0,1,0.0,0.0,0.0,0.0,0.0,0.0,0.0,0.0,0.0,1,1.0,1.0,1.0,1.0,1.0,1.0,1.0,1.0,1.0
unicode_overlong_utf8.csv,0,0.0,0.0,0.0,0.0,0.0,0.0,0.0,0.0,0.0,1,1.0,1.0,1.0,0.9156626506024096,0.926829268292683,0.9212121212121211,0.98015873015873,0.9919678714859438,0.9860279441117764,1,1.0,1.0,1.0,0.9879518072289156,1.0,0.993939393939394,0.988095238095238,1.0,0.9940119760479044,0,0.0,0.0,0.0,0.0,0.0,0.0,0.0,0.0,0.0,0,0.0,0.0,0.0,0.0,0.0,0.0,0.0,0.0,0.0
unicode_record_delim_ls.csv,0,0.0,0.0,0.0,0.0,0.0,0.0,0.0,0.0,0.0,1,0.0,0.0,0.0,0.0,0.0,0.0,0.7711640211640212,0.4331352154531946,0.554709800190295,1,1.0,1.0,1.0,0.0,0.0,0.0,0.0119047619047619,1.0,0.0235294117647058,0,0.0,0.0,0.0,0.0,0.0,0.0,0.0,0.0,0.0,0,0.0,0.0,0.0,0.0,0.0,0.0,0.0,0.0,0.0
unicode_record_delim_nel.csv,0,0.0,0.0,0.0,0.0,0.0,0.0,0.0,0.0,0.0,1,0.0,0.0,0.0,0.0,0.0,0.0,0.7711640211640212,0.4331352154531946,0.554709800190295,1,1.0,1.0,1.0,0.0,0.0,0.0,0.0119047619047619,1.0,0.0235294117647058,0,0.0,0.0,0.0,0.0,0.0,0.0,0.0,0.0,0.0,0,0.0,0.0,0.0,0.0,0.0,0.0,0.0,0.0,0.0
unicode_record_delim_ps.csv,0,0.0,0.0,0.0,0.0,0.0,0.0,0.0,0.0,0.0,1,0.0,0.0,0.0,0.0,0.0,0.0,0.7711640211640212,0.4331352154531946,0.554709800190295,1,1.0,1.0,1.0,0.0,0.0,0.0,0.0119047619047619,1.0,0.0235294117647058,0,0.0,0.0,0.0,0.0,0.0,0.0,0.0,0.0,0.0,0,0.0,0.0,0.0,0.0,0.0,0.0,0.0,0.0,0.0
unicode_rlm_lrm_marks.csv,1,0.1111111111111111,0.1111111111111111,0.1111111111111111,0.0,0.0,0.0,0.1111111111111111,0.1111111111111111,0.1111111111111111,1,0.0,0.0,0.0,0.0,0.0,0.0,0.1097883597883597,0.0658730158730158,0.0823412698412698,0,0.0,0.0,0.0,0.0,0.0,0.0,0.0,0.0,0.0,1,0.0,0.0,0.0,0.0,0.0,0.0,0.0,0.0,0.0,1,0.1111111111111111,0.1111111111111111,0.1111111111111111,0.0,0.0,0.0,0.1111111111111111,0.1111111111111111,0.1111111111111111
unicode_smart_double_quotes.csv,1,0.7777777777777778,0.7777777777777778,0.7777777777777778,0.0,0.0,0.0,0.7354497354497355,0.6056644880174292,0.6642771804062128,1,0.7777777777777778,0.4666666666666667,0.5833333333333334,0.0,0.0,0.0,0.7354497354497355,0.4412698412698412,0.5515873015873015,0,0.0,0.0,0.0,0.0,0.0,0.0,0.0,0.0,0.0,0,0.0,0.0,0.0,0.0,0.0,0.0,0.0,0.0,0.0,1,0.0,0.0,0.0,0.0,0.0,0.0,0.0,0.0,0.0
unicode_smart_quotes_invalid_utf8.csv,0,0.0,0.0,0.0,0.0,0.0,0.0,0.0,0.0,0.0,1,0.7777777777777778,0.4666666666666667,0.5833333333333334,0.0,0.0,0.0,0.7288359788359788,0.442570281124498,0.5507246376811593,1,1.0,1.0,1.0,0.0,0.0,0.0,0.6349206349206349,0.642570281124498,0.6387225548902196,0,0.0,0.0,0.0,0.0,0.0,0.0,0.0,0.0,0.0,0,0.0,0.0,0.0,0.0,0.0,0.0,0.0,0.0,0.0
unicode_smart_single_quotes.csv,1,0.7777777777777778,0.7777777777777778,0.7777777777777778,0.0,0.0,0.0,0.7354497354497355,0.6056644880174292,0.6642771804062128,1,0.7777777777777778,0.4666666666666667,0.5833333333333334,0.0,0.0,0.0,0.7354497354497355,0.4412698412698412,0.5515873015873015,0,0.0,0.0,0.0,0.0,0.0,0.0,0.0,0.0,0.0,0,0.0,0.0,0.0,0.0,0.0,0.0,0.0,0.0,0.0,1,0.0,0.0,0.0,0.0,0.0,0.0,0.0,0.0,0.0
unicode_utf16be_file.csv,1,1.0,1.0,1.0,1.0,1.0,1.0,1.0,1.0,1.0,1,0.0,0.0,0.0,0.0,0.0,0.0,0.1097883597883597,0.070578231292517,0.0859213250517598,1,1.0,1.0,1.0,0.0,0.0,0.0,0.1216931216931216,0.0608465608465608,0.0811287477954144,1,1.0,1.0,1.0,1.0,1.0,1.0,1.0,1.0,1.0,1,1.0,1.0,1.0,0.927710843373494,0.927710843373494,0.927710843373494,0.992063492063492,0.9907529722589168,0.991407799074686
unicode_utf16le_file.csv,1,1.0,1.0,1.0,1.0,1.0,1.0,1.0,1.0,1.0,1,0.0,0.0,0.0,0.0,0.0,0.0,0.1097883597883597,0.0613905325443787,0.0787476280834914,1,1.0,1.0,1.0,0.0,0.0,0.0,0.1216931216931216,0.0604865220249835,0.0808080808080808,1,1.0,1.0,1.0,1.0,1.0,1.0,1.0,1.0,1.0,1,1.0,1.0,1.0,0.927710843373494,0.927710843373494,0.927710843373494,0.992063492063492,0.9907529722589168,0.991407799074686
unicode_zwsp_around_every_delim.csv,0,0.0,0.0,0.0,0.0,0.0,0.0,0.0,0.0,0.0,1,0.0,0.0,0.0,0.0,0.0,0.0,0.1097883597883597,0.0658730158730158,0.0823412698412698,1,1.0,1.0,1.0,0.0,0.0,0.0,0.0119047619047619,0.0119047619047619,0.0119047619047619,0,0.0,0.0,0.0,0.0,0.0,0.0,0.0,0.0,0.0,0,0.0,0.0,0.0,0.0,0.0,0.0,0.0,0.0,0.0
quote_cascading_unclosed.csv,1,0.7777777777777778,0.7777777777777778,0.7777777777777778,0.0,0.0,0.0,0.7314814814814815,0.6023965141612201,0.6606929510155317,1,1.0,1.0,1.0,0.9518072289156626,0.9634146341463414,0.9575757575757576,0.9695767195767196,0.9812583668005356,0.9753825681969394,1,1.0,1.0,1.0,0.9518072289156626,0.9634146341463414,0.9575757575757576,0.9695767195767196,0.9812583668005356,0.9753825681969394,1,1.0,1.0,1.0,0.963855421686747,0.963855421686747,0.963855421686747,0.9788359788359788,0.9788359788359788,0.9788359788359788,1,1.0,1.0,1.0,0.9036144578313252,0.9036144578313252,0.9036144578313252,0.9722222222222222,0.985254691689008,0.9786950732356856
quote_char_apostrophe.csv,1,0.7777777777777778,0.7777777777777778,0.7777777777777778,0.0,0.0,0.0,0.7354497354497355,0.6056644880174292,0.6642771804062128,1,1.0,0.8181818181818182,0.9,0.7108433734939759,0.7108433734939759,0.7108433734939759,0.9642857142857144,0.788961038961039,0.8678571428571429,1,1.0,1.0,1.0,0.4939759036144578,0.5942028985507246,0.5394736842105263,0.7354497354497355,0.8825396825396825,0.8023088023088024,1,1.0,1.0,1.0,0.6024096385542169,0.8333333333333334,0.6993006993006993,0.7129629629629629,0.9817850637522768,0.8260536398467433,1,1.0,1.0,1.0,0.5903614457831325,0.5903614457831325,0.5903614457831325,0.9457671957671958,0.906210392902408,0.9255663430420712
quote_char_backtick.csv,1,1.0,1.0,1.0,0.927710843373494,0.927710843373494,0.927710843373494,0.992063492063492,0.992063492063492,0.992063492063492,1,0.7777777777777778,0.4666666666666667,0.5833333333333334,0.0,0.0,0.0,0.7354497354497355,0.4412698412698412,0.5515873015873015,1,1.0,1.0,1.0,1.0,1.0,1.0,1.0,1.0,1.0,1,1.0,1.0,1.0,1.0,1.0,1.0,1.0,1.0,1.0,1,0.0,0.0,0.0,0.0,0.0,0.0,0.0,0.0,0.0
quote_char_caret.csv,1,0.7777777777777778,0.7777777777777778,0.7777777777777778,0.0,0.0,0.0,0.7354497354497355,0.6056644880174292,0.6642771804062128,1,0.7777777777777778,0.4666666666666667,0.5833333333333334,0.0,0.0,0.0,0.7354497354497355,0.4412698412698412,0.5515873015873015,1,1.0,1.0,1.0,1.0,1.0,1.0,1.0,1.0,1.0,1,1.0,1.0,1.0,1.0,1.0,1.0,1.0,1.0,1.0,1,0.0,0.0,0.0,0.0,0.0,0.0,0.0,0.0,0.0
quote_char_dollar.csv,1,0.7777777777777778,0.7777777777777778,0.7777777777777778,0.0,0.0,0.0,0.7354497354497355,0.6056644880174292,0.6642771804062128,1,0.7777777777777778,0.4666666666666667,0.5833333333333334,0.0,0.0,0.0,0.7354497354497355,0.4412698412698412,0.5515873015873015,1,1.0,1.0,1.0,0.0,0.0,0.0,0.656084656084656,0.7447447447447447,0.6976090014064699,1,1.0,1.0,1.0,0.0,0.0,0.0,0.6164021164021164,0.7396825396825397,0.6724386724386725,1,0.0,0.0,0.0,0.0,0.0,0.0,0.0,0.0,0.0
quote_char_hash.csv,1,0.7777777777777778,0.7777777777777778,0.7777777777777778,0.0,0.0,0.0,0.7354497354497355,0.6056644880174292,0.6642771804062128,1,0.7777777777777778,0.4666666666666667,0.5833333333333334,0.0,0.0,0.0,0.7354497354497355,0.4412698412698412,0.5515873015873015,1,1.0,1.0,1.0,1.0,1.0,1.0,1.0,1.0,1.0,1,1.0,1.0,1.0,1.0,1.0,1.0,1.0,1.0,1.0,1,0.0,0.0,0.0,0.0,0.0,0.0,0.0,0.0,0.0
quote_char_pipe.csv,1,0.7777777777777778,0.7777777777777778,0.7777777777777778,0.0,0.0,0.0,0.7354497354497355,0.6056644880174292,0.6642771804062128,1,0.2222222222222222,0.2857142857142857,0.25,0.0,0.0,0.0,0.3664021164021164,0.4710884353741497,0.412202380952381,1,1.0,1.0,1.0,1.0,1.0,1.0,1.0,1.0,1.0,1,1.0,1.0,1.0,1.0,1.0,1.0,1.0,1.0,1.0,1,0.0,0.0,0.0,0.0,0.0,0.0,0.0,0.0,0.0
quote_char_section.csv,1,0.6666666666666666,0.8571428571428571,0.75,0.0,0.0,0.0,0.6243386243386243,0.6573816155988857,0.6404341926729986,1,0.7777777777777778,0.4666666666666667,0.5833333333333334,0.0,0.0,0.0,0.7354497354497355,0.4412698412698412,0.5515873015873015,0,0.0,0.0,0.0,0.0,0.0,0.0,0.0,0.0,0.0,0,0.0,0.0,0.0,0.0,0.0,0.0,0.0,0.0,0.0,1,0.0,0.0,0.0,0.0,0.0,0.0,0.0,0.0,0.0
quote_char_tilde.csv,1,1.0,1.0,1.0,0.927710843373494,0.927710843373494,0.927710843373494,0.992063492063492,0.992063492063492,0.992063492063492,1,0.7777777777777778,0.4666666666666667,0.5833333333333334,0.0,0.0,0.0,0.7354497354497355,0.4412698412698412,0.5515873015873015,1,1.0,1.0,1.0,1.0,1.0,1.0,1.0,1.0,1.0,1,1.0,1.0,1.0,1.0,1.0,1.0,1.0,1.0,1.0,1,0.0,0.0,0.0,0.0,0.0,0.0,0.0,0.0,0.0
quote_close_then_garbage_many.csv,1,1.0,1.0,1.0,0.8795180722891566,0.8795180722891566,0.8795180722891566,0.8809523809523809,0.8593548387096774,0.8700195950359242,1,1.0,0.6923076923076923,0.8181818181818181,0.8433734939759037,0.8433734939759037,0.8433734939759037,0.8902116402116402,0.6163003663003663,0.7283549783549784,1,1.0,1.0,1.0,0.8795180722891566,0.8795180722891566,0.8795180722891566,0.9206349206349206,0.9206349206349206,0.9206349206349206,1,1.0,1.0,1.0,0.8795180722891566,1.0,0.935897435897436,0.8809523809523809,1.0,0.9367088607594936,1,1.0,1.0,1.0,0.8433734939759037,0.8433734939759037,0.8433734939759037,0.876984126984127,0.8554838709677419,0.8661005878510777
quote_decl_backslash_use_doubled.csv,1,1.0,1.0,1.0,1.0,1.0,1.0,1.0,1.0,1.0,1,1.0,0.8181818181818182,0.9,0.927710843373494,0.927710843373494,0.927710843373494,0.9854497354497356,0.8062770562770563,0.8869047619047619,1,1.0,1.0,1.0,0.9879518072289156,0.9879518072289156,0.9879518072289156,0.9986772486772488,0.9986772486772488,0.9986772486772488,1,1.0,1.0,1.0,0.9879518072289156,0.9879518072289156,0.9879518072289156,0.9986772486772488,0.9986772486772488,0.9986772486772488,1,1.0,1.0,1.0,0.927710843373494,0.927710843373494,0.927710843373494,0.992063492063492,0.9907529722589168,0.991407799074686
quote_doubled_chain_many.csv,1,1.0,1.0,1.0,0.7228915662650602,0.9523809523809524,0.8219178082191781,0.746031746031746,0.9494949494949496,0.8355555555555556,1,1.0,0.9,0.9473684210526316,0.8192771084337349,0.8947368421052632,0.8553459119496855,0.9074074074074074,0.8909090909090909,0.8990825688073394,1,1.0,1.0,1.0,0.8192771084337349,0.8947368421052632,0.8553459119496855,0.8902116402116402,0.9711399711399712,0.9289164941338852,1,1.0,1.0,1.0,0.9036144578313252,0.9036144578313252,0.9036144578313252,0.9708994708994708,0.9708994708994708,0.9708994708994708,1,1.0,1.0,1.0,0.9036144578313252,0.9036144578313252,0.9036144578313252,0.9603174603174603,0.989100817438692,0.974496644295302
quote_empty_quoted_many.csv,1,0.7777777777777778,0.7777777777777778,0.7777777777777778,0.0,0.0,0.0,0.7103174603174603,0.5849673202614379,0.6415770609318997,1,1.0,0.8181818181818182,0.9,0.8674698795180723,0.8674698795180723,0.8674698795180723,0.9603174603174603,0.7857142857142857,0.8642857142857142,1,1.0,1.0,1.0,0.9036144578313252,0.9036144578313252,0.9036144578313252,0.9629629629629628,0.9629629629629628,0.9629629629629628,1,1.0,1.0,1.0,0.9036144578313252,1.0,0.9493670886075948,0.9047619047619048,1.0,0.95,1,1.0,1.0,1.0,0.8674698795180723,0.8674698795180723,0.8674698795180723,0.9603174603174603,0.9490196078431372,0.9546351084812624
quote_eof_open_long.csv,1,1.0,1.0,1.0,0.8313253012048193,0.9857142857142858,0.9019607843137254,0.8346560846560847,0.9648318042813456,0.8950354609929078,1,1.0,1.0,1.0,0.9759036144578314,0.9878048780487804,0.9818181818181818,0.9828042328042328,0.994645247657296,0.9886892880904856,1,1.0,1.0,1.0,0.9759036144578314,0.9878048780487804,0.9818181818181818,0.9828042328042328,0.994645247657296,0.9886892880904856,1,1.0,1.0,1.0,0.9879518072289156,0.9879518072289156,0.9879518072289156,0.992063492063492,0.992063492063492,0.992063492063492,1,1.0,1.0,1.0,0.9156626506024096,0.9156626506024096,0.9156626506024096,0.984126984126984,0.9893617021276596,0.986737400530504
quote_eof_quote_then_data.csv,1,1.0,1.0,1.0,1.0,0.988095238095238,0.9940119760479044,1.0,0.998678996036988,0.9993390614672836,1,0.7777777777777778,0.4666666666666667,0.5833333333333334,0.0,0.0,0.0,0.7354497354497355,0.436078431372549,0.5475135401280158,1,1.0,1.0,1.0,1.0,0.988095238095238,0.9940119760479044,1.0,0.9882352941176472,0.9940828402366864,0,0.0,0.0,0.0,0.0,0.0,0.0,0.0,0.0,0.0,1,1.0,1.0,1.0,0.927710843373494,0.9166666666666666,0.9221556886227544,0.992063492063492,0.9894459102902374,0.9907529722589168
quote_eof_unclosed_ws.csv,1,1.0,1.0,1.0,1.0,0.988095238095238,0.9940119760479044,1.0,0.998678996036988,0.9993390614672836,1,0.7777777777777778,0.4666666666666667,0.5833333333333334,0.0,0.0,0.0,0.7354497354497355,0.436078431372549,0.5475135401280158,1,1.0,1.0,1.0,1.0,0.988095238095238,0.9940119760479044,1.0,0.9882352941176472,0.9940828402366864,0,0.0,0.0,0.0,0.0,0.0,0.0,0.0,0.0,0.0,1,1.0,1.0,1.0,0.927710843373494,0.9166666666666666,0.9221556886227544,0.992063492063492,0.9894459102902374,0.9907529722589168
quote_esc_before_delim.csv,1,0.7777777777777778,0.7777777777777778,0.7777777777777778,0.0,0.0,0.0,0.7328042328042328,0.600216684723727,0.6599166170339489,1,1.0,0.8181818181818182,0.9,0.8795180722891566,0.8795180722891566,0.8795180722891566,0.9854497354497356,0.8062770562770563,0.8869047619047619,1,1.0,1.0,1.0,0.9397590361445785,0.9397590361445785,0.9397590361445785,0.9828042328042328,0.9828042328042328,0.9828042328042328,1,1.0,1.0,1.0,0.9397590361445785,1.0,0.968944099378882,0.9404761904761904,1.0,0.9693251533742332,1,1.0,1.0,1.0,0.8795180722891566,0.8795180722891566,0.8795180722891566,0.9854497354497356,0.9738562091503268,0.9796186719263642
quote_every_field_triple_many.csv,1,1.0,1.0,1.0,0.8795180722891566,0.8795180722891566,0.8795180722891566,0.8809523809523809,0.8660598179453837,0.8734426229508195,1,1.0,0.75,0.8571428571428571,0.8192771084337349,0.8192771084337349,0.819277108433735,0.8875661375661376,0.6656746031746031,0.7607709750566893,1,1.0,1.0,1.0,0.8795180722891566,0.8795180722891566,0.8795180722891566,0.8809523809523809,0.8809523809523809,0.8809523809523809,1,1.0,1.0,1.0,0.8795180722891566,0.9733333333333334,0.9240506329113924,0.8809523809523809,0.9736842105263158,0.925,1,1.0,1.0,1.0,0.8795180722891566,0.8795180722891566,0.8795180722891566,0.8809523809523809,0.8660598179453837,0.8734426229508195
quote_in_header_only.csv,1,0.6666666666666666,0.6666666666666666,0.6666666666666666,0.0,0.0,0.0,0.7341269841269841,0.6045751633986928,0.6630824372759857,1,0.1111111111111111,0.1111111111111111,0.1111111111111111,0.9759036144578314,1.0,0.9878048780487804,0.966931216931217,0.9905149051490516,0.9785809906291834,1,1.0,1.0,1.0,0.9759036144578314,1.0,0.9878048780487804,0.9761904761904762,1.0,0.9879518072289156,1,0.3333333333333333,0.75,0.4615384615384615,0.0,0.0,0.0,0.4431216931216931,0.9970238095238096,0.6135531135531135,1,0.3333333333333333,0.75,0.4615384615384615,0.927710843373494,0.927710843373494,0.927710843373494,0.984126984126984,0.9893617021276596,0.986737400530504
quote_inside_unquoted_many.csv,1,1.0,1.0,1.0,0.8072289156626506,0.943661971830986,0.8701298701298701,0.8518518518518519,0.9569093610698366,0.9013296011196642,1,1.0,1.0,1.0,0.8313253012048193,0.8313253012048193,0.8313253012048193,0.9788359788359788,0.9788359788359788,0.9788359788359788,1,1.0,1.0,1.0,0.9036144578313252,0.9036144578313252,0.9036144578313252,0.9867724867724867,0.9867724867724867,0.9867724867724867,1,1.0,1.0,1.0,0.9036144578313252,0.925925925925926,0.9146341463414634,0.9682539682539684,0.991869918699187,0.9799196787148594,1,1.0,1.0,1.0,0.8313253012048193,0.8313253012048193,0.8313253012048193,0.9814814814814816,0.9776021080368906,0.9795379537953796
quote_interlocked_pairs.csv,1,0.7777777777777778,0.7777777777777778,0.7777777777777778,0.0,0.0,0.0,0.7222222222222222,0.5947712418300654,0.6523297491039427,1,1.0,1.0,1.0,0.7108433734939759,0.7108433734939759,0.7108433734939759,0.9074074074074074,0.9074074074074074,0.9074074074074074,1,1.0,1.0,1.0,0.6144578313253012,0.7183098591549296,0.6623376623376623,0.7870370370370371,0.9182098765432098,0.8475783475783476,1,1.0,1.0,1.0,0.6385542168674698,0.8412698412698413,0.7260273972602739,0.7156084656084656,0.9392361111111112,0.8123123123123124,1,1.0,1.0,1.0,0.6385542168674698,0.726027397260274,0.6794871794871795,0.8148148148148148,0.9361702127659576,0.8712871287128713
quote_open5_close80.csv,1,0.7777777777777778,0.7777777777777778,0.7777777777777778,0.0,0.0,0.0,0.7341269841269841,0.6045751633986928,0.6630824372759857,1,1.0,1.0,1.0,0.9036144578313252,0.9036144578313252,0.9036144578313252,0.984126984126984,0.984126984126984,0.984126984126984,1,1.0,1.0,1.0,0.963855421686747,0.975609756097561,0.9696969696969696,0.9814814814814816,0.9933065595716198,0.9873586161011312,1,1.0,1.0,1.0,0.963855421686747,0.9876543209876544,0.975609756097561,0.9722222222222222,0.9959349593495936,0.9839357429718876,1,1.0,1.0,1.0,0.963855421686747,0.975609756097561,0.9696969696969696,0.9814814814814816,0.9933065595716198,0.9873586161011312
quote_open_header_close_data.csv,1,0.8888888888888888,0.8888888888888888,0.8888888888888888,0.9879518072289156,1.0,0.993939393939394,0.9867724867724867,0.998661311914324,0.9926813040585496,1,0.8888888888888888,0.6153846153846154,0.7272727272727274,0.9036144578313252,0.9146341463414634,0.9090909090909092,0.9814814814814816,0.6876737720111215,0.8087193460490465,1,1.0,1.0,1.0,0.9759036144578314,0.9878048780487804,0.9818181818181818,0.9867724867724867,0.998661311914324,0.9926813040585496,1,0.8888888888888888,0.8888888888888888,0.8888888888888888,0.0,0.0,0.0,0.5555555555555556,0.5622489959839357,0.5588822355289421,1,0.8888888888888888,0.8888888888888888,0.8888888888888888,0.9036144578313252,0.9146341463414634,0.9090909090909092,0.98015873015873,0.985372340425532,0.9827586206896552
quote_open_header_close_row5.csv,1,0.8888888888888888,0.5,0.64,0.9397590361445785,1.0,0.968944099378882,0.9404761904761904,0.99025069637883,0.9647218453188604,1,0.8888888888888888,0.7272727272727273,0.7999999999999999,0.9759036144578314,0.9878048780487804,0.9818181818181818,0.988095238095238,0.8181818181818182,0.8951467944877172,1,1.0,1.0,1.0,0.9759036144578314,0.9878048780487804,0.9818181818181818,0.9854497354497356,0.997322623828648,0.9913506320691948,1,0.8888888888888888,0.8888888888888888,0.8888888888888888,0.9759036144578314,1.0,0.9878048780487804,0.9748677248677248,0.9986449864498644,0.9866131191432396,1,0.8888888888888888,0.8888888888888888,0.8888888888888888,0.9759036144578314,0.9878048780487804,0.9818181818181818,0.9867724867724867,0.9959946595460614,0.9913621262458472
quote_ragged_opens.csv,1,0.7777777777777778,0.7777777777777778,0.7777777777777778,0.0,0.0,0.0,0.7208994708994709,0.593681917211329,0.6511350059737158,1,1.0,1.0,1.0,0.8313253012048193,0.8625,0.8466257668711658,0.8915343915343915,0.9245541838134432,0.9077441077441076,1,1.0,1.0,1.0,0.8313253012048193,0.8625,0.8466257668711658,0.8915343915343915,0.9245541838134432,0.9077441077441076,1,1.0,1.0,1.0,0.8674698795180723,0.8674698795180723,0.8674698795180723,0.9206349206349206,0.9206349206349206,0.9206349206349206,1,1.0,1.0,1.0,0.8072289156626506,0.8072289156626506,0.8072289156626506,0.914021164021164,0.9623955431754876,0.9375848032564452
quote_storm.csv,1,0.7777777777777778,0.7777777777777778,0.7777777777777778,0.0,0.0,0.0,0.7037037037037037,0.579520697167756,0.6356033452807647,1,1.0,1.0,1.0,0.6746987951807228,0.7,0.6871165644171778,0.791005291005291,0.8203017832647462,0.8053872053872054,1,1.0,1.0,1.0,0.6746987951807228,0.7,0.6871165644171778,0.791005291005291,0.8203017832647462,0.8053872053872054,1,1.0,1.0,1.0,0.7108433734939759,0.7108433734939759,0.7108433734939759,0.8227513227513228,0.8227513227513228,0.8227513227513228,1,1.0,1.0,1.0,0.6626506024096386,0.6626506024096386,0.6626506024096386,0.8174603174603174,0.910162002945508,0.8613240418118466
quote_unquoted_with_quoted_comma.csv,1,1.0,1.0,1.0,0.7228915662650602,0.9523809523809524,0.8219178082191781,0.7579365079365079,0.9182692307692308,0.8304347826086955,1,1.0,0.75,0.8571428571428571,0.8554216867469879,0.8554216867469879,0.8554216867469879,0.98015873015873,0.7351190476190477,0.8401360544217689,1,1.0,1.0,1.0,0.891566265060241,0.9135802469135802,0.9024390243902438,0.9523809523809524,0.975609756097561,0.963855421686747,1,1.0,1.0,1.0,0.9156626506024096,0.9743589743589745,0.9440993788819876,0.9351851851851852,0.9943741209563994,0.96387184730743,1,1.0,1.0,1.0,0.8554216867469879,0.8554216867469879,0.8554216867469879,0.98015873015873,0.9698952879581152,0.975
quote_unterminated_open5_close50.csv,1,1.0,1.0,1.0,0.4457831325301205,0.9736842105263158,0.6115702479338843,0.455026455026455,0.7730337078651686,0.5728559533721899,1,1.0,1.0,1.0,0.9036144578313252,0.9036144578313252,0.9036144578313252,0.984126984126984,0.984126984126984,0.984126984126984,1,1.0,1.0,1.0,0.9518072289156626,0.9753086419753086,0.9634146341463414,0.9708994708994708,0.994579945799458,0.9825970548862116,1,1.0,1.0,1.0,0.963855421686747,0.9876543209876544,0.975609756097561,0.9722222222222222,0.9959349593495936,0.9839357429718876,1,1.0,1.0,1.0,0.963855421686747,0.975609756097561,0.9696969696969696,0.9814814814814816,0.995973154362416,0.988674217188541
typeinfer_comments_all_unquoted_two_values.csv,1,1.0,1.0,1.0,0.0,0.0,0.0,0.8902116402116402,0.8021454112038141,0.8438871473354231,1,1.0,0.9,0.9473684210526316,0.0,0.0,0.0,0.8822751322751323,0.794047619047619,0.8358395989974936,1,1.0,1.0,1.0,0.0,0.0,0.0,0.8902116402116402,0.8902116402116402,0.8902116402116402,1,1.0,1.0,1.0,0.0,0.0,0.0,0.7804232804232805,0.7804232804232805,0.7804232804232806,1,1.0,1.0,1.0,0.0,0.0,0.0,0.8822751322751323,0.794047619047619,0.8358395989974936
typeinfer_date_2digit_4digit.csv,1,1.0,1.0,1.0,1.0,1.0,1.0,1.0,1.0,1.0,1,1.0,1.0,1.0,0.927710843373494,0.927710843373494,0.927710843373494,0.992063492063492,0.992063492063492,0.992063492063492,1,1.0,1.0,1.0,1.0,1.0,1.0,1.0,1.0,1.0,1,1.0,1.0,1.0,1.0,1.0,1.0,1.0,1.0,1.0,1,1.0,1.0,1.0,0.927710843373494,0.927710843373494,0.927710843373494,0.992063492063492,0.9907529722589168,0.991407799074686
typeinfer_date_excel_serials.csv,1,1.0,1.0,1.0,1.0,1.0,1.0,1.0,1.0,1.0,1,1.0,1.0,1.0,0.927710843373494,0.927710843373494,0.927710843373494,0.992063492063492,0.992063492063492,0.992063492063492,1,1.0,1.0,1.0,1.0,1.0,1.0,1.0,1.0,1.0,1,1.0,1.0,1.0,1.0,1.0,1.0,1.0,1.0,1.0,1,1.0,1.0,1.0,0.927710843373494,0.927710843373494,0.927710843373494,0.992063492063492,0.9907529722589168,0.991407799074686
typeinfer_date_iso_timestamps.csv,1,1.0,1.0,1.0,1.0,1.0,1.0,1.0,1.0,1.0,1,1.0,1.0,1.0,0.927710843373494,0.927710843373494,0.927710843373494,0.992063492063492,0.992063492063492,0.992063492063492,1,1.0,1.0,1.0,1.0,1.0,1.0,1.0,1.0,1.0,1,1.0,1.0,1.0,1.0,1.0,1.0,1.0,1.0,1.0,1,1.0,1.0,1.0,0.927710843373494,0.927710843373494,0.927710843373494,0.992063492063492,0.9907529722589168,0.991407799074686
typeinfer_desc_all_currency_prefix.csv,1,1.0,1.0,1.0,1.0,1.0,1.0,0.9986772486772488,0.9986772486772488,0.9986772486772488,1,1.0,1.0,1.0,0.9397590361445785,0.9397590361445785,0.9397590361445785,0.992063492063492,0.992063492063492,0.992063492063492,1,1.0,1.0,1.0,1.0,1.0,1.0,0.9986772486772488,0.9986772486772488,0.9986772486772488,1,1.0,1.0,1.0,0.9879518072289156,1.0,0.993939393939394,0.988095238095238,1.0,0.9940119760479044,1,1.0,1.0,1.0,0.927710843373494,0.927710843373494,0.927710843373494,0.992063492063492,0.9907529722589168,0.991407799074686
typeinfer_late_rows_extra_cell.csv,1,1.0,1.0,1.0,0.9397590361445785,0.9397590361445785,0.9397590361445785,0.9933862433862434,0.9868593955321944,0.9901120632827952,1,1.0,1.0,1.0,0.8795180722891566,0.8795180722891566,0.8795180722891566,0.9788359788359788,0.9788359788359788,0.9788359788359788,1,1.0,1.0,1.0,0.9397590361445785,0.9397590361445785,0.9397590361445785,0.9867724867724867,0.9867724867724867,0.9867724867724867,1,1.0,1.0,1.0,0.9397590361445785,1.0,0.968944099378882,0.9404761904761904,1.0,0.9693251533742332,1,1.0,1.0,1.0,0.8795180722891566,0.8795180722891566,0.8795180722891566,0.9854497354497356,0.9776902887139108,0.981554677206851
typeinfer_mega_late_currency_overflow_eu.csv,1,1.0,1.0,1.0,1.0,1.0,1.0,1.0,1.0,1.0,1,1.0,1.0,1.0,0.0120481927710843,0.0120481927710843,0.0120481927710843,0.8822751322751323,0.8822751322751323,0.8822751322751323,1,1.0,1.0,1.0,1.0,1.0,1.0,1.0,1.0,1.0,1,1.0,1.0,1.0,0.9879518072289156,0.9879518072289156,0.9879518072289156,0.9986772486772488,0.9986772486772488,0.9986772486772488,1,1.0,1.0,1.0,0.927710843373494,0.927710843373494,0.927710843373494,0.992063492063492,0.9907529722589168,0.991407799074686
typeinfer_multi_column_late_anomaly.csv,1,1.0,1.0,1.0,1.0,1.0,1.0,1.0,1.0,1.0,1,1.0,1.0,1.0,0.0,0.0,0.0,0.8822751322751323,0.8822751322751323,0.8822751322751323,1,1.0,1.0,1.0,1.0,1.0,1.0,1.0,1.0,1.0,1,1.0,1.0,1.0,1.0,1.0,1.0,1.0,1.0,1.0,1,1.0,1.0,1.0,0.927710843373494,0.927710843373494,0.927710843373494,0.992063492063492,0.9907529722589168,0.991407799074686
typeinfer_price_all_no_dollar.csv,1,1.0,1.0,1.0,1.0,1.0,1.0,1.0,1.0,1.0,1,1.0,1.0,1.0,0.9156626506024096,0.9156626506024096,0.9156626506024096,0.9894179894179894,0.9894179894179894,0.9894179894179894,1,1.0,1.0,1.0,1.0,1.0,1.0,1.0,1.0,1.0,1,1.0,1.0,1.0,1.0,1.0,1.0,1.0,1.0,1.0,1,1.0,1.0,1.0,0.927710843373494,0.927710843373494,0.927710843373494,0.992063492063492,0.9907529722589168,0.991407799074686
typeinfer_price_all_unquoted_eu.csv,1,1.0,1.0,1.0,0.0,0.0,0.0,0.8902116402116402,0.8021454112038141,0.8438871473354231,1,1.0,1.0,1.0,0.0,0.0,0.0,0.7724867724867724,0.7724867724867724,0.7724867724867724,1,1.0,1.0,1.0,0.0,0.0,0.0,0.7804232804232805,0.7804232804232805,0.7804232804232806,1,1.0,1.0,1.0,0.0,0.0,0.0,0.7804232804232805,0.7804232804232805,0.7804232804232806,1,1.0,1.0,1.0,0.0,0.0,0.0,0.8822751322751323,0.794047619047619,0.8358395989974936
typeinfer_price_currency_chaos.csv,1,1.0,1.0,1.0,1.0,1.0,1.0,1.0,1.0,1.0,1,1.0,1.0,1.0,0.927710843373494,0.927710843373494,0.927710843373494,0.992063492063492,0.992063492063492,0.992063492063492,1,1.0,1.0,1.0,1.0,1.0,1.0,1.0,1.0,1.0,1,1.0,1.0,1.0,1.0,1.0,1.0,1.0,1.0,1.0,1,1.0,1.0,1.0,0.927710843373494,0.927710843373494,0.927710843373494,0.992063492063492,0.9907529722589168,0.991407799074686
typeinfer_price_european_decimal.csv,1,1.0,1.0,1.0,0.0120481927710843,0.0120481927710843,0.0120481927710843,0.8915343915343915,0.8042959427207638,0.8456712672521958,1,1.0,1.0,1.0,0.0120481927710843,0.0120481927710843,0.0120481927710843,0.7751322751322751,0.7751322751322751,0.775132275132275,1,1.0,1.0,1.0,0.0120481927710843,0.0120481927710843,0.0120481927710843,0.783068783068783,0.783068783068783,0.7830687830687831,1,1.0,1.0,1.0,0.0,0.0,0.0,0.7817460317460317,0.7817460317460317,0.7817460317460317,1,1.0,1.0,1.0,0.0120481927710843,0.0120481927710843,0.0120481927710843,0.8835978835978836,0.7961859356376639,0.8376175548589342
typeinfer_productid_all_floats.csv,1,1.0,1.0,1.0,1.0,1.0,1.0,1.0,1.0,1.0,1,1.0,1.0,1.0,0.927710843373494,0.927710843373494,0.927710843373494,0.98015873015873,0.98015873015873,0.98015873015873,1,1.0,1.0,1.0,1.0,1.0,1.0,1.0,1.0,1.0,1,1.0,1.0,1.0,1.0,1.0,1.0,1.0,1.0,1.0,1,1.0,1.0,1.0,0.927710843373494,0.927710843373494,0.927710843373494,0.992063492063492,0.9907529722589168,0.991407799074686
typeinfer_productid_e_notation.csv,1,1.0,1.0,1.0,1.0,1.0,1.0,1.0,1.0,1.0,1,1.0,1.0,1.0,0.927710843373494,0.927710843373494,0.927710843373494,0.992063492063492,0.992063492063492,0.992063492063492,1,1.0,1.0,1.0,1.0,1.0,1.0,1.0,1.0,1.0,1,1.0,1.0,1.0,1.0,1.0,1.0,1.0,1.0,1.0,1,1.0,1.0,1.0,0.927710843373494,0.927710843373494,0.927710843373494,0.992063492063492,0.9907529722589168,0.991407799074686
typeinfer_productid_only_digits.csv,1,1.0,1.0,1.0,1.0,1.0,1.0,1.0,1.0,1.0,1,1.0,1.0,1.0,0.927710843373494,0.927710843373494,0.927710843373494,0.992063492063492,0.992063492063492,0.992063492063492,1,1.0,1.0,1.0,1.0,1.0,1.0,1.0,1.0,1.0,1,1.0,1.0,1.0,1.0,1.0,1.0,1.0,1.0,1.0,1,1.0,1.0,1.0,0.927710843373494,0.927710843373494,0.927710843373494,0.992063492063492,0.9907529722589168,0.991407799074686
typeinfer_producttype_all_unquoted_comma.csv,1,1.0,1.0,1.0,0.0,0.0,0.0,0.8902116402116402,0.7299349240780911,0.8021454112038141,1,1.0,0.8181818181818182,0.9,0.0,0.0,0.0,0.8888888888888888,0.7272727272727273,0.7999999999999999,1,1.0,1.0,1.0,0.0,0.0,0.0,0.6706349206349206,0.6706349206349206,0.6706349206349206,1,1.0,1.0,1.0,0.0,0.0,0.0,0.6706349206349206,0.6706349206349206,0.6706349206349206,1,1.0,1.0,1.0,0.0,0.0,0.0,0.8888888888888888,0.7280606717226435,0.8004764740917213
typeinfer_qty_all_booleans.csv,1,1.0,1.0,1.0,1.0,1.0,1.0,1.0,1.0,1.0,1,1.0,1.0,1.0,0.927710843373494,0.927710843373494,0.927710843373494,0.992063492063492,0.992063492063492,0.992063492063492,1,1.0,1.0,1.0,1.0,1.0,1.0,1.0,1.0,1.0,1,1.0,1.0,1.0,1.0,1.0,1.0,1.0,1.0,1.0,1,1.0,1.0,1.0,0.927710843373494,0.927710843373494,0.927710843373494,0.992063492063492,0.9907529722589168,0.991407799074686
typeinfer_qty_all_unquoted_thousands.csv,1,1.0,1.0,1.0,0.0,0.0,0.0,0.8902116402116402,0.8021454112038141,0.8438871473354231,1,1.0,1.0,1.0,0.0,0.0,0.0,0.7724867724867724,0.7724867724867724,0.7724867724867724,1,1.0,1.0,1.0,0.0,0.0,0.0,0.7804232804232805,0.7804232804232805,0.7804232804232806,1,1.0,1.0,1.0,0.0,0.0,0.0,0.7804232804232805,0.7804232804232805,0.7804232804232806,1,1.0,1.0,1.0,0.0,0.0,0.0,0.8822751322751323,0.794047619047619,0.8358395989974936
typeinfer_qty_denormal_floats.csv,1,1.0,1.0,1.0,1.0,1.0,1.0,1.0,1.0,1.0,1,1.0,1.0,1.0,0.0602409638554216,0.0602409638554216,0.0602409638554216,0.8849206349206349,0.8849206349206349,0.8849206349206349,1,1.0,1.0,1.0,1.0,1.0,1.0,1.0,1.0,1.0,1,1.0,1.0,1.0,1.0,1.0,1.0,1.0,1.0,1.0,1,1.0,1.0,1.0,0.927710843373494,0.927710843373494,0.927710843373494,0.992063492063492,0.9907529722589168,0.991407799074686
typeinfer_qty_late_boolean.csv,1,1.0,1.0,1.0,1.0,1.0,1.0,1.0,1.0,1.0,1,1.0,1.0,1.0,0.927710843373494,0.927710843373494,0.927710843373494,0.992063492063492,0.992063492063492,0.992063492063492,1,1.0,1.0,1.0,1.0,1.0,1.0,1.0,1.0,1.0,1,1.0,1.0,1.0,1.0,1.0,1.0,1.0,1.0,1.0,1,1.0,1.0,1.0,0.927710843373494,0.927710843373494,0.927710843373494,0.992063492063492,0.9907529722589168,0.991407799074686
typeinfer_qty_late_huge_and_strings.csv,1,1.0,1.0,1.0,1.0,1.0,1.0,1.0,1.0,1.0,1,1.0,1.0,1.0,0.927710843373494,0.927710843373494,0.927710843373494,0.992063492063492,0.992063492063492,0.992063492063492,1,1.0,1.0,1.0,1.0,1.0,1.0,1.0,1.0,1.0,1,1.0,1.0,1.0,0.9879518072289156,0.9879518072289156,0.9879518072289156,0.9986772486772488,0.9986772486772488,0.9986772486772488,1,1.0,1.0,1.0,0.927710843373494,0.927710843373494,0.927710843373494,0.992063492063492,0.9907529722589168,0.991407799074686
typeinfer_qty_late_huge_float.csv,1,1.0,1.0,1.0,1.0,1.0,1.0,1.0,1.0,1.0,1,1.0,1.0,1.0,0.0,0.0,0.0,0.8822751322751323,0.8822751322751323,0.8822751322751323,1,1.0,1.0,1.0,1.0,1.0,1.0,1.0,1.0,1.0,1,1.0,1.0,1.0,1.0,1.0,1.0,1.0,1.0,1.0,1,1.0,1.0,1.0,0.927710843373494,0.927710843373494,0.927710843373494,0.992063492063492,0.9907529722589168,0.991407799074686
typeinfer_qty_late_inf.csv,1,1.0,1.0,1.0,1.0,1.0,1.0,1.0,1.0,1.0,1,1.0,1.0,1.0,0.0120481927710843,0.0120481927710843,0.0120481927710843,0.8849206349206349,0.8849206349206349,0.8849206349206349,1,1.0,1.0,1.0,1.0,1.0,1.0,1.0,1.0,1.0,1,1.0,1.0,1.0,1.0,1.0,1.0,1.0,1.0,1.0,1,1.0,1.0,1.0,0.927710843373494,0.927710843373494,0.927710843373494,0.992063492063492,0.9907529722589168,0.991407799074686
typeinfer_qty_late_overflow.csv,1,1.0,1.0,1.0,1.0,1.0,1.0,1.0,1.0,1.0,1,1.0,1.0,1.0,0.0,0.0,0.0,0.8822751322751323,0.8822751322751323,0.8822751322751323,1,1.0,1.0,1.0,1.0,1.0,1.0,1.0,1.0,1.0,1,1.0,1.0,1.0,1.0,1.0,1.0,1.0,1.0,1.0,1,1.0,1.0,1.0,0.927710843373494,0.927710843373494,0.927710843373494,0.992063492063492,0.9907529722589168,0.991407799074686
typeinfer_qty_late_string_anomaly.csv,1,1.0,1.0,1.0,1.0,1.0,1.0,1.0,1.0,1.0,1,1.0,1.0,1.0,0.927710843373494,0.927710843373494,0.927710843373494,0.992063492063492,0.992063492063492,0.992063492063492,1,1.0,1.0,1.0,1.0,1.0,1.0,1.0,1.0,1.0,1,1.0,1.0,1.0,0.9879518072289156,0.9879518072289156,0.9879518072289156,0.9986772486772488,0.9986772486772488,0.9986772486772488,1,1.0,1.0,1.0,0.927710843373494,0.927710843373494,0.927710843373494,0.992063492063492,0.9907529722589168,0.991407799074686
typeinfer_qty_long_zeros_then_text.csv,1,1.0,1.0,1.0,1.0,1.0,1.0,1.0,1.0,1.0,1,1.0,1.0,1.0,0.927710843373494,0.927710843373494,0.927710843373494,0.992063492063492,0.992063492063492,0.992063492063492,1,1.0,1.0,1.0,1.0,1.0,1.0,1.0,1.0,1.0,1,1.0,1.0,1.0,1.0,1.0,1.0,1.0,1.0,1.0,1,1.0,1.0,1.0,0.927710843373494,0.927710843373494,0.927710843373494,0.992063492063492,0.9907529722589168,0.991407799074686
typeinfer_qty_null_flavors.csv,1,1.0,1.0,1.0,1.0,1.0,1.0,1.0,1.0,1.0,1,1.0,1.0,1.0,0.927710843373494,0.927710843373494,0.927710843373494,0.992063492063492,0.992063492063492,0.992063492063492,1,1.0,1.0,1.0,1.0,1.0,1.0,1.0,1.0,1.0,1,1.0,1.0,1.0,0.927710843373494,0.927710843373494,0.927710843373494,0.992063492063492,0.992063492063492,0.992063492063492,1,1.0,1.0,1.0,0.927710843373494,0.927710843373494,0.927710843373494,0.992063492063492,0.9907529722589168,0.991407799074686
typeinfer_qty_numeric_edges.csv,1,1.0,1.0,1.0,1.0,1.0,1.0,1.0,1.0,1.0,1,1.0,1.0,1.0,0.927710843373494,0.927710843373494,0.927710843373494,0.992063492063492,0.992063492063492,0.992063492063492,1,1.0,1.0,1.0,1.0,1.0,1.0,1.0,1.0,1.0,1,1.0,1.0,1.0,0.9879518072289156,0.9879518072289156,0.9879518072289156,0.9986772486772488,0.9986772486772488,0.9986772486772488,1,1.0,1.0,1.0,0.927710843373494,0.927710843373494,0.927710843373494,0.992063492063492,0.9907529722589168,0.991407799074686
typeinfer_qty_pure_01_then_anomaly.csv,1,1.0,1.0,1.0,1.0,1.0,1.0,1.0,1.0,1.0,1,1.0,1.0,1.0,0.927710843373494,0.927710843373494,0.927710843373494,0.992063492063492,0.992063492063492,0.992063492063492,1,1.0,1.0,1.0,1.0,1.0,1.0,1.0,1.0,1.0,1,1.0,1.0,1.0,1.0,1.0,1.0,1.0,1.0,1.0,1,1.0,1.0,1.0,0.927710843373494,0.927710843373494,0.927710843373494,0.992063492063492,0.9907529722589168,0.991407799074686
typeinfer_qty_signed_plus_leading_zero.csv,1,1.0,1.0,1.0,1.0,1.0,1.0,1.0,1.0,1.0,1,1.0,1.0,1.0,0.927710843373494,0.927710843373494,0.927710843373494,0.992063492063492,0.992063492063492,0.992063492063492,1,1.0,1.0,1.0,1.0,1.0,1.0,1.0,1.0,1.0,1,1.0,1.0,1.0,1.0,1.0,1.0,1.0,1.0,1.0,1,1.0,1.0,1.0,0.927710843373494,0.927710843373494,0.927710843373494,0.992063492063492,0.9907529722589168,0.991407799074686
typeinfer_qty_uniform_with_late_negative.csv,1,1.0,1.0,1.0,1.0,1.0,1.0,1.0,1.0,1.0,1,1.0,1.0,1.0,0.0,0.0,0.0,0.8822751322751323,0.8822751322751323,0.8822751322751323,1,1.0,1.0,1.0,1.0,1.0,1.0,1.0,1.0,1.0,1,1.0,1.0,1.0,1.0,1.0,1.0,1.0,1.0,1.0,1,1.0,1.0,1.0,0.927710843373494,0.927710843373494,0.927710843373494,0.992063492063492,0.9907529722589168,0.991407799074686
typeinfer_time_12h_24h_mix.csv,1,1.0,1.0,1.0,1.0,1.0,1.0,1.0,1.0,1.0,1,1.0,1.0,1.0,0.927710843373494,0.927710843373494,0.927710843373494,0.992063492063492,0.992063492063492,0.992063492063492,1,1.0,1.0,1.0,1.0,1.0,1.0,1.0,1.0,1.0,1,1.0,1.0,1.0,1.0,1.0,1.0,1.0,1.0,1.0,1,1.0,1.0,1.0,0.927710843373494,0.927710843373494,0.927710843373494,0.992063492063492,0.9907529722589168,0.991407799074686
typeinfer_url_all_unquoted_csv_fragment.csv,1,1.0,1.0,1.0,0.0,0.0,0.0,0.8902116402116402,0.7299349240780911,0.8021454112038141,1,1.0,0.8181818181818182,0.9,0.0,0.0,0.0,0.8822751322751323,0.7218614718614719,0.7940476190476191,1,1.0,1.0,1.0,0.0,0.0,0.0,0.7804232804232805,0.7804232804232805,0.7804232804232806,1,1.0,1.0,1.0,0.0,0.0,0.0,0.6706349206349206,0.6706349206349206,0.6706349206349206,1,1.0,1.0,1.0,0.0,0.0,0.0,0.8822751322751323,0.7226435536294691,0.7945205479452054
typeinfer_url_as_booleans.csv,1,1.0,1.0,1.0,1.0,1.0,1.0,1.0,1.0,1.0,1,1.0,1.0,1.0,0.927710843373494,0.927710843373494,0.927710843373494,0.992063492063492,0.992063492063492,0.992063492063492,1,1.0,1.0,1.0,1.0,1.0,1.0,1.0,1.0,1.0,1,1.0,1.0,1.0,0.9879518072289156,0.9879518072289156,0.9879518072289156,0.9986772486772488,0.9986772486772488,0.9986772486772488,1,1.0,1.0,1.0,0.927710843373494,0.927710843373494,0.927710843373494,0.992063492063492,0.9907529722589168,0.991407799074686
typeinfer_url_mixed_types_drift.csv,1,1.0,1.0,1.0,1.0,1.0,1.0,1.0,1.0,1.0,1,1.0,1.0,1.0,0.927710843373494,0.927710843373494,0.927710843373494,0.992063492063492,0.992063492063492,0.992063492063492,1,1.0,1.0,1.0,1.0,1.0,1.0,1.0,1.0,1.0,1,1.0,1.0,1.0,1.0,1.0,1.0,1.0,1.0,1.0,1,1.0,1.0,1.0,0.927710843373494,0.927710843373494,0.927710843373494,0.992063492063492,0.9907529722589168,0.991407799074686
typeinfer_url_whitespace_only.csv,1,1.0,1.0,1.0,1.0,1.0,1.0,1.0,1.0,1.0,1,1.0,1.0,1.0,0.927710843373494,0.927710843373494,0.927710843373494,0.992063492063492,0.992063492063492,0.992063492063492,1,1.0,1.0,1.0,1.0,1.0,1.0,1.0,1.0,1.0,1,1.0,1.0,1.0,1.0,1.0,1.0,1.0,1.0,1.0,1,0.0,0.0,0.0,0.0,0.0,0.0,0.0052910052910052,0.0018691588785046,0.0027624309392265
lineend_backspace_before_eol.csv,1,0.8888888888888888,0.8888888888888888,0.8888888888888888,0.0,0.0,0.0,0.8888888888888888,0.8888888888888888,0.8888888888888888,1,0.8888888888888888,0.8888888888888888,0.8888888888888888,0.0,0.0,0.0,0.8809523809523809,0.8809523809523809,0.8809523809523809,1,1.0,1.0,1.0,0.0,0.0,0.0,0.8902116402116402,0.8902116402116402,0.8902116402116402,1,0.8888888888888888,0.8888888888888888,0.8888888888888888,0.0,0.0,0.0,0.8888888888888888,0.8888888888888888,0.8888888888888888,1,0.8888888888888888,0.8888888888888888,0.8888888888888888,0.0,0.0,0.0,0.8809523809523809,0.8797886393659181,0.8803701255783213
lineend_bom_after_each_crlf.csv,0,0.0,0.0,0.0,0.0,0.0,0.0,0.0,0.0,0.0,1,1.0,1.0,1.0,0.0,0.0,0.0,0.8822751322751323,0.8718954248366013,0.8770545693622618,1,1.0,1.0,1.0,0.0,0.0,0.0,0.8902116402116402,0.8797385620915033,0.8849441157133465,0,0.0,0.0,0.0,0.0,0.0,0.0,0.0,0.0,0.0,0,0.0,0.0,0.0,0.0,0.0,0.0,0.0,0.0,0.0
lineend_byte_after_each_crlf.csv,0,0.0,0.0,0.0,0.0,0.0,0.0,0.0,0.0,0.0,1,1.0,1.0,1.0,0.0,0.0,0.0,0.0119047619047619,1.0,0.0235294117647058,1,1.0,1.0,1.0,0.0,0.0,0.0,0.0119047619047619,1.0,0.0235294117647058,0,0.0,0.0,0.0,0.0,0.0,0.0,0.0,0.0,0.0,0,0.0,0.0,0.0,0.0,0.0,0.0,0.0,0.0,0.0
lineend_c1_controls_at_eol.csv,0,0.0,0.0,0.0,0.0,0.0,0.0,0.0,0.0,0.0,1,0.0,0.0,0.0,0.0,0.0,0.0,0.0,0.0,0.0,1,1.0,1.0,1.0,0.0,0.0,0.0,0.0119047619047619,1.0,0.0235294117647058,0,0.0,0.0,0.0,0.0,0.0,0.0,0.0,0.0,0.0,0,0.0,0.0,0.0,0.0,0.0,0.0,0.0,0.0,0.0
lineend_c1_mid_cell.csv,0,0.0,0.0,0.0,0.0,0.0,0.0,0.0,0.0,0.0,1,1.0,1.0,1.0,0.7349397590361446,0.9384615384615383,0.8243243243243243,0.7804232804232805,0.9932659932659932,0.8740740740740741,1,1.0,1.0,1.0,0.7831325301204819,1.0,0.8783783783783784,0.7857142857142857,1.0,0.88,0,0.0,0.0,0.0,0.0,0.0,0.0,0.0,0.0,0.0,0,0.0,0.0,0.0,0.0,0.0,0.0,0.0,0.0,0.0
lineend_double_ff_delim.csv,1,0.8888888888888888,0.0118870728083209,0.0234604105571847,0.0,0.0,0.0,0.7791005291005291,0.87518573551263,0.8243526941917425,1,0.0,0.0,0.0,0.0,0.0,0.0,0.7711640211640212,0.4331352154531946,0.554709800190295,1,1.0,1.0,1.0,0.0,0.0,0.0,0.0119047619047619,1.0,0.0235294117647058,1,0.8888888888888888,0.0118870728083209,0.0234604105571847,0.0,0.0,0.0,0.6865079365079365,0.7711738484398217,0.7263820853743876,1,0.8888888888888888,0.0118694362017804,0.0234260614934114,0.0,0.0,0.0,0.7711640211640212,0.8649851632047477,0.8153846153846154
lineend_eof_mid_cell.csv,1,1.0,1.0,1.0,0.9879518072289156,0.9879518072289156,0.9879518072289156,0.996031746031746,0.9986737400530504,0.9973509933774836,1,0.7777777777777778,0.4666666666666667,0.5833333333333334,0.0,0.0,0.0,0.7354497354497355,0.4412698412698412,0.5515873015873015,1,1.0,1.0,1.0,0.9879518072289156,0.9879518072289156,0.9879518072289156,0.9973544973544972,0.9973544973544972,0.9973544973544972,0,0.0,0.0,0.0,0.0,0.0,0.0,0.0,0.0,0.0,1,1.0,1.0,1.0,0.927710843373494,0.927710843373494,0.927710843373494,0.988095238095238,0.9894039735099338,0.9887491727332892
lineend_fe_plus_nuls.csv,0,0.0,0.0,0.0,0.0,0.0,0.0,0.0,0.0,0.0,1,1.0,1.0,1.0,0.0,0.0,0.0,0.0119047619047619,1.0,0.0235294117647058,1,1.0,1.0,1.0,0.0,0.0,0.0,0.0119047619047619,1.0,0.0235294117647058,0,0.0,0.0,0.0,0.0,0.0,0.0,0.0,0.0,0.0,0,0.0,0.0,0.0,0.0,0.0,0.0,0.0,0.0,0.0
lineend_ff_as_record_delim.csv,1,0.8888888888888888,0.0118870728083209,0.0234604105571847,0.0,0.0,0.0,0.7791005291005291,0.87518573551263,0.8243526941917425,1,0.0,0.0,0.0,0.0,0.0,0.0,0.7711640211640212,0.4331352154531946,0.554709800190295,1,1.0,1.0,1.0,0.0,0.0,0.0,0.0119047619047619,1.0,0.0235294117647058,1,0.8888888888888888,0.0118870728083209,0.0234604105571847,0.0,0.0,0.0,0.6865079365079365,0.7711738484398217,0.7263820853743876,1,0.8888888888888888,0.0118694362017804,0.0234260614934114,0.0,0.0,0.0,0.7711640211640212,0.8649851632047477,0.8153846153846154
lineend_half_ls_separator.csv,0,0.0,0.0,0.0,0.0,0.0,0.0,0.0,0.0,0.0,1,1.0,0.0267062314540059,0.0520231213872832,0.4337349397590361,0.8571428571428571,0.5760000000000001,0.9378306878306878,0.048926920157339,0.0930019020135108,1,1.0,1.0,1.0,0.4939759036144578,0.9761904761904762,0.656,0.5105820105820106,0.9974160206718348,0.6754155730533683,0,0.0,0.0,0.0,0.0,0.0,0.0,0.0,0.0,0.0,0,0.0,0.0,0.0,0.0,0.0,0.0,0.0,0.0,0.0
lineend_interleave_ls_ps_crlf.csv,0,0.0,0.0,0.0,0.0,0.0,0.0,0.0,0.0,0.0,1,1.0,0.36,0.5294117647058824,0.0,0.0,0.0,0.8558201058201058,0.8924137931034483,0.8737339635381499,1,1.0,1.0,1.0,0.0,0.0,0.0,0.3082010582010582,0.89272030651341,0.4582104228121927,0,0.0,0.0,0.0,0.0,0.0,0.0,0.0,0.0,0.0,0,0.0,0.0,0.0,0.0,0.0,0.0,0.0,0.0,0.0
lineend_nel_inside_cells.csv,0,0.0,0.0,0.0,0.0,0.0,0.0,0.0,0.0,0.0,1,1.0,1.0,1.0,0.7349397590361446,0.7349397590361446,0.7349397590361445,0.9695767195767196,0.9695767195767196,0.9695767195767196,1,1.0,1.0,1.0,0.7831325301204819,0.7831325301204819,0.783132530120482,0.9761904761904762,0.9761904761904762,0.9761904761904762,0,0.0,0.0,0.0,0.0,0.0,0.0,0.0,0.0,0.0,0,0.0,0.0,0.0,0.0,0.0,0.0,0.0,0.0,0.0
lineend_nul_at_line_start.csv,0,0.0,0.0,0.0,0.0,0.0,0.0,0.0,0.0,0.0,1,1.0,1.0,1.0,0.927710843373494,0.9166666666666666,0.9221556886227544,0.8822751322751323,0.8718954248366013,0.8770545693622618,1,1.0,1.0,1.0,1.0,0.988095238095238,0.9940119760479044,0.8902116402116402,0.8797385620915033,0.8849441157133465,1,1.0,1.0,1.0,0.0,0.0,0.0,0.8902116402116402,0.8797385620915033,0.8849441157133465,1,1.0,1.0,1.0,0.927710843373494,0.9166666666666666,0.9221556886227544,0.8822751322751323,0.8799472295514512,0.8811096433289299
lineend_nul_replaces_crlf.csv,0,0.0,0.0,0.0,0.0,0.0,0.0,0.0,0.0,0.0,1,1.0,0.5294117647058824,0.6923076923076924,0.9036144578313252,0.9146341463414634,0.9090909090909092,0.9907407407407408,0.5308291991495393,0.6912782648823258,1,1.0,1.0,1.0,0.9759036144578314,0.9878048780487804,0.9818181818181818,0.9867724867724867,0.998661311914324,0.9926813040585496,1,1.0,1.0,1.0,0.9759036144578314,1.0,0.9878048780487804,0.9761904761904762,1.0,0.9879518072289156,1,1.0,1.0,1.0,0.9036144578313252,0.9146341463414634,0.9090909090909092,0.9894179894179894,0.9894179894179894,0.9894179894179894
lineend_quote_before_crlf_back_half.csv,1,1.0,1.0,1.0,0.4939759036144578,0.6612903225806451,0.5655172413793104,0.7222222222222222,0.8980263157894737,0.8005865102639297,1,0.7777777777777778,0.4666666666666667,0.5833333333333334,0.0,0.0,0.0,0.7354497354497355,0.4412698412698412,0.5515873015873015,1,1.0,1.0,1.0,0.4939759036144578,0.8723404255319149,0.6307692307692309,0.5634920634920635,0.9861111111111112,0.7171717171717172,0,0.0,0.0,0.0,0.0,0.0,0.0,0.0,0.0,0.0,1,1.0,1.0,1.0,0.4337349397590361,0.8571428571428571,0.5760000000000001,0.5727513227513228,0.8018518518518518,0.6682098765432098
lineend_random_c1_throughout.csv,0,0.0,0.0,0.0,0.0,0.0,0.0,0.0,0.0,0.0,1,1.0,1.0,1.0,0.6265060240963856,0.9629629629629628,0.7591240875912408,0.6521164021164021,0.995959595959596,0.7881694644284571,1,1.0,1.0,1.0,0.6506024096385542,1.0,0.7883211678832116,0.6547619047619048,1.0,0.7913669064748202,0,0.0,0.0,0.0,0.0,0.0,0.0,0.0,0.0,0.0,0,0.0,0.0,0.0,0.0,0.0,0.0,0.0,0.0,0.0
lineend_stray_cr_in_cell.csv,1,1.0,1.0,1.0,0.9879518072289156,0.9879518072289156,0.9879518072289156,0.9986772486772488,0.9986772486772488,0.9986772486772488,0,0.0,0.0,0.0,0.0,0.0,0.0,0.0,0.0,0.0,1,1.0,1.0,1.0,0.9879518072289156,0.9879518072289156,0.9879518072289156,0.9986772486772488,0.9986772486772488,0.9986772486772488,1,1.0,1.0,1.0,0.9879518072289156,0.9879518072289156,0.9879518072289156,0.9986772486772488,0.9986772486772488,0.9986772486772488,1,1.0,1.0,1.0,0.9156626506024096,0.9156626506024096,0.9156626506024096,0.9907407407407408,0.9894319682959049,0.9900859220092532
lineend_stray_quote_with_lf.csv,1,0.7777777777777778,0.7777777777777778,0.7777777777777778,0.0,0.0,0.0,0.7354497354497355,0.6056644880174292,0.6642771804062128,0,0.0,0.0,0.0,0.0,0.0,0.0,0.0,0.0,0.0,1,1.0,1.0,1.0,0.0,0.0,0.0,0.6521164021164021,0.6444444444444445,0.648257725180802,1,0.7777777777777778,0.7777777777777778,0.7777777777777778,0.0,0.0,0.0,0.1124338624338624,0.7870370370370371,0.1967592592592592,1,1.0,1.0,1.0,0.5903614457831325,0.5903614457831325,0.5903614457831325,0.9457671957671958,0.906210392902408,0.9255663430420712
lineend_three_byte_after_crlf.csv,0,0.0,0.0,0.0,0.0,0.0,0.0,0.0,0.0,0.0,1,1.0,1.0,1.0,0.0,0.0,0.0,0.0119047619047619,1.0,0.0235294117647058,1,1.0,1.0,1.0,0.0,0.0,0.0,0.0119047619047619,1.0,0.0235294117647058,0,0.0,0.0,0.0,0.0,0.0,0.0,0.0,0.0,0.0,0,0.0,0.0,0.0,0.0,0.0,0.0,0.0,0.0,0.0
lineend_trailing_spaces.csv,1,0.8888888888888888,0.8888888888888888,0.8888888888888888,0.0,0.0,0.0,0.8888888888888888,0.8888888888888888,0.8888888888888888,1,1.0,1.0,1.0,0.0,0.0,0.0,0.8822751322751323,0.8822751322751323,0.8822751322751323,1,1.0,1.0,1.0,0.0,0.0,0.0,0.8902116402116402,0.8902116402116402,0.8902116402116402,1,0.8888888888888888,0.8888888888888888,0.8888888888888888,0.0,0.0,0.0,0.8888888888888888,0.8888888888888888,0.8888888888888888,1,0.8888888888888888,0.8888888888888888,0.8888888888888888,0.0,0.0,0.0,0.8809523809523809,0.8797886393659181,0.8803701255783213
lineend_trailing_tab.csv,1,0.8888888888888888,0.8888888888888888,0.8888888888888888,0.0,0.0,0.0,0.8888888888888888,0.8888888888888888,0.8888888888888888,1,0.8888888888888888,0.8888888888888888,0.8888888888888888,0.0,0.0,0.0,0.8809523809523809,0.8809523809523809,0.8809523809523809,1,1.0,1.0,1.0,0.0,0.0,0.0,0.8902116402116402,0.8902116402116402,0.8902116402116402,1,0.8888888888888888,0.8888888888888888,0.8888888888888888,0.0,0.0,0.0,0.8888888888888888,0.8888888888888888,0.8888888888888888,1,0.8888888888888888,0.8888888888888888,0.8888888888888888,0.0,0.0,0.0,0.8809523809523809,0.8797886393659181,0.8803701255783213
lineend_vt_as_record_delim.csv,1,0.8888888888888888,0.0118870728083209,0.0234604105571847,0.0,0.0,0.0,0.7791005291005291,0.87518573551263,0.8243526941917425,1,0.0,0.0,0.0,0.0,0.0,0.0,0.7711640211640212,0.4331352154531946,0.554709800190295,1,1.0,1.0,1.0,0.0,0.0,0.0,0.0119047619047619,1.0,0.0235294117647058,1,0.8888888888888888,0.0118870728083209,0.0234604105571847,0.0,0.0,0.0,0.6865079365079365,0.7711738484398217,0.7263820853743876,1,0.8888888888888888,0.0118694362017804,0.0234260614934114,0.0,0.0,0.0,0.7711640211640212,0.8649851632047477,0.8153846153846154
struct_col_merge_ambiguity_v2.csv,1,1.0,1.0,1.0,0.6265060240963856,0.6265060240963856,0.6265060240963856,0.958994708994709,0.9177215189873418,0.9379042690815008,1,1.0,0.8181818181818182,0.9,0.6144578313253012,0.6144578313253012,0.6144578313253012,0.9576719576719576,0.7835497835497836,0.861904761904762,1,1.0,1.0,1.0,0.6265060240963856,0.6265060240963856,0.6265060240963856,0.914021164021164,0.914021164021164,0.914021164021164,1,1.0,1.0,1.0,0.6265060240963856,1.0,0.7703703703703704,0.6309523809523809,1.0,0.7737226277372262,1,1.0,1.0,1.0,0.6144578313253012,0.6144578313253012,0.6144578313253012,0.9576719576719576,0.9152970922882429,0.9360051712992892
struct_col_split_more.csv,1,1.0,1.0,1.0,0.144578313253012,0.1967213114754098,0.1666666666666666,0.6177248677248677,0.8895238095238095,0.7291178766588602,0,0.0,0.0,0.0,0.0,0.0,0.0,0.0,0.0,0.0,1,1.0,1.0,1.0,0.144578313253012,0.1967213114754098,0.1666666666666666,0.6468253968253969,0.8763440860215054,0.7442922374429224,1,1.0,1.0,1.0,0.144578313253012,0.2352941176470588,0.1791044776119403,0.5582010582010583,0.9017094017094016,0.6895424836601308,1,1.0,1.0,1.0,0.1325301204819277,0.1774193548387097,0.1517241379310344,0.6256613756613757,0.8631386861313869,0.7254601226993865
struct_empty_first_two_cols.csv,1,1.0,1.0,1.0,1.0,1.0,1.0,1.0,1.0,1.0,1,0.8181818181818182,0.8181818181818182,0.8181818181818182,0.927710843373494,0.927710843373494,0.927710843373494,0.9913419913419912,0.9913419913419912,0.9913419913419912,1,0.8181818181818182,0.9,0.8571428571428572,1.0,1.0,1.0,0.908008658008658,0.9988095238095238,0.95124716553288,1,0.8181818181818182,0.8181818181818182,0.8181818181818182,1.0,1.0,1.0,0.997835497835498,0.997835497835498,0.997835497835498,1,1.0,1.0,1.0,0.927710843373494,0.927710843373494,0.927710843373494,0.9935064935064936,0.9924324324324324,0.9929691725256896
struct_header_all_duplicates.csv,1,1.0,1.0,1.0,1.0,1.0,1.0,1.0,1.0,1.0,1,0.1111111111111111,0.1111111111111111,0.1111111111111111,0.927710843373494,0.927710843373494,0.927710843373494,0.9814814814814816,0.9814814814814816,0.9814814814814816,1,0.1111111111111111,1.0,0.1999999999999999,0.0,0.0,0.0,0.1111111111111111,1.0,0.1999999999999999,1,0.1111111111111111,0.1111111111111111,0.1111111111111111,1.0,1.0,1.0,0.9894179894179894,0.9894179894179894,0.9894179894179894,1,1.0,1.0,1.0,0.927710843373494,0.927710843373494,0.927710843373494,0.992063492063492,0.9907529722589168,0.991407799074686
struct_header_extra_col.csv,1,1.0,1.0,1.0,1.0,1.0,1.0,1.0,1.0,1.0,1,0.9,0.9,0.9,0.927710843373494,0.927710843373494,0.927710843373494,0.9920739762219286,0.8940476190476191,0.9405134627426426,1,0.9,0.9,0.9,1.0,1.0,1.0,1.0,0.9011904761904762,0.9480275516593614,1,0.9,0.9,0.9,1.0,1.0,1.0,1.0,0.9011904761904762,0.9480275516593614,1,1.0,1.0,1.0,0.927710843373494,0.927710843373494,0.927710843373494,0.9920739762219286,0.9907651715039578,0.9914191419141914
struct_header_only_pipe.csv,1,0.0,0.0,0.0,1.0,1.0,1.0,0.988095238095238,0.998663101604278,0.9933510638297872,1,1.0,1.0,1.0,0.0,0.0,0.0,0.1216931216931216,0.1216931216931216,0.1216931216931216,1,1.0,1.0,1.0,1.0,1.0,1.0,1.0,1.0,1.0,1,0.0,0.0,0.0,0.0,0.0,0.0,0.1097883597883597,0.988095238095238,0.1976190476190476,1,0.0,0.0,0.0,0.927710843373494,0.927710843373494,0.927710843373494,0.98015873015873,0.9893190921228304,0.984717607973422
struct_header_only_semicolon.csv,1,0.0,0.0,0.0,1.0,1.0,1.0,0.988095238095238,0.998663101604278,0.9933510638297872,1,1.0,1.0,1.0,0.0,0.0,0.0,0.1216931216931216,0.1216931216931216,0.1216931216931216,1,1.0,1.0,1.0,1.0,1.0,1.0,1.0,1.0,1.0,1,0.0,0.0,0.0,0.0,0.0,0.0,0.1097883597883597,0.988095238095238,0.1976190476190476,1,0.0,0.0,0.0,0.927710843373494,0.927710843373494,0.927710843373494,0.98015873015873,0.9893190921228304,0.984717607973422
struct_header_only_tabs.csv,1,0.0,0.0,0.0,1.0,1.0,1.0,0.988095238095238,0.998663101604278,0.9933510638297872,1,1.0,1.0,1.0,0.0,0.0,0.0,0.1216931216931216,0.1216931216931216,0.1216931216931216,1,1.0,1.0,1.0,1.0,1.0,1.0,1.0,1.0,1.0,1,0.0,0.0,0.0,0.0,0.0,0.0,0.1097883597883597,0.988095238095238,0.1976190476190476,1,0.0,0.0,0.0,0.927710843373494,0.927710843373494,0.927710843373494,0.98015873015873,0.9893190921228304,0.984717607973422
struct_header_subset_with_pipe.csv,1,1.0,1.0,1.0,0.5421686746987951,0.5421686746987951,0.5421686746987951,0.5476190476190477,0.915929203539823,0.685430463576159,1,1.0,1.0,1.0,0.5180722891566265,0.5180722891566265,0.5180722891566265,0.5952380952380952,0.5952380952380952,0.5952380952380952,1,1.0,1.0,1.0,0.5421686746987951,0.5421686746987951,0.5421686746987951,0.5978835978835979,0.5978835978835979,0.5978835978835979,1,0.0,0.0,0.0,0.0,0.0,0.0,0.1097883597883597,0.988095238095238,0.1976190476190476,1,1.0,1.0,1.0,0.5421686746987951,0.5421686746987951,0.5421686746987951,0.5476190476190477,0.915929203539823,0.685430463576159
struct_mixed_trailing_comma.csv,1,1.0,1.0,1.0,1.0,1.0,1.0,0.9444444444444444,1.0,0.9714285714285714,1,1.0,1.0,1.0,0.927710843373494,0.927710843373494,0.927710843373494,0.992063492063492,0.992063492063492,0.992063492063492,1,1.0,1.0,1.0,1.0,1.0,1.0,1.0,1.0,1.0,1,1.0,1.0,1.0,1.0,1.0,1.0,1.0,1.0,1.0,1,1.0,1.0,1.0,0.927710843373494,0.927710843373494,0.927710843373494,0.9365079365079364,0.9902097902097902,0.9626104690686608
struct_multiline_header_mismatch.csv,1,0.2222222222222222,0.2222222222222222,0.2222222222222222,1.0,0.988095238095238,0.9940119760479044,0.9907407407407408,0.981651376146789,0.9861751152073732,1,0.2222222222222222,0.2222222222222222,0.2222222222222222,0.927710843373494,0.9166666666666666,0.9221556886227544,0.9828042328042328,0.9712418300653596,0.9769888231426692,1,1.0,1.0,1.0,1.0,1.0,1.0,1.0,1.0,1.0,1,0.2222222222222222,0.2222222222222222,0.2222222222222222,1.0,0.988095238095238,0.9940119760479044,0.9907407407407408,0.9790849673202614,0.984878369493754,1,0.2222222222222222,0.2222222222222222,0.2222222222222222,0.927710843373494,0.9166666666666666,0.9221556886227544,0.9828042328042328,0.9725130890052356,0.9776315789473684
struct_preamble_blank_then_data.csv,1,0.0,0.0,0.0,1.0,0.9540229885057472,0.976470588235294,1.0,0.9960474308300395,0.998019801980198,1,0.0,0.0,0.0,0.927710843373494,0.8953488372093024,0.9112426035502958,0.992063492063492,0.9578544061302682,0.9746588693957114,1,1.0,1.0,1.0,1.0,0.9651162790697676,0.9822485207100592,1.0,0.9655172413793104,0.9824561403508772,1,0.0,0.0,0.0,0.0,0.0,0.0,0.0,0.0,0.0,1,0.0,0.0,0.0,0.927710843373494,0.8850574712643678,0.9058823529411766,0.992063492063492,0.986842105263158,0.9894459102902374
struct_short_rows_5_cols_first_30.csv,1,1.0,1.0,1.0,1.0,1.0,1.0,1.0,1.0,1.0,1,1.0,1.0,1.0,0.9759036144578314,0.9759036144578314,0.9759036144578314,0.9968553459119496,0.8386243386243386,0.9109195402298852,1,1.0,1.0,1.0,1.0,1.0,1.0,1.0,0.8412698412698413,0.9137931034482758,1,1.0,1.0,1.0,1.0,1.0,1.0,1.0,0.8412698412698413,0.9137931034482758,1,1.0,1.0,1.0,0.9759036144578314,0.9759036144578314,0.9759036144578314,0.9968553459119496,0.9968553459119496,0.9968553459119496
struct_single_col_with_caret.csv,1,0.0,0.0,0.0,0.0,0.0,0.0,0.5132275132275133,0.4221980413492927,0.4632835820895523,1,0.0,0.0,0.0,0.0,0.0,0.0,0.0,0.0,0.0,1,1.0,1.0,1.0,0.0,0.0,0.0,0.1216931216931216,0.1202614379084967,0.1209730440499671,1,0.0,0.0,0.0,0.0,0.0,0.0,0.0,0.0,0.0,1,0.0,0.0,0.0,0.0,0.0,0.0,0.0,0.0,0.0
struct_single_col_with_commas.csv,1,0.0,0.0,0.0,0.0,0.0,0.0,0.5132275132275133,0.4221980413492927,0.4632835820895523,1,0.0,0.0,0.0,0.0,0.0,0.0,0.1097883597883597,0.488235294117647,0.1792656587473002,1,1.0,1.0,1.0,0.0,0.0,0.0,0.1216931216931216,0.1202614379084967,0.1209730440499671,1,0.0,0.0,0.0,0.0,0.0,0.0,0.0,0.0,0.0,1,0.0,0.0,0.0,0.0,0.0,0.0,0.0,0.0,0.0
struct_single_col_with_tab.csv,1,0.0,0.0,0.0,0.0,0.0,0.0,0.5132275132275133,0.4221980413492927,0.4632835820895523,1,0.0,0.0,0.0,0.0,0.0,0.0,0.1097883597883597,0.488235294117647,0.1792656587473002,1,1.0,1.0,1.0,0.0,0.0,0.0,0.1216931216931216,0.1202614379084967,0.1209730440499671,1,0.0,0.0,0.0,0.0,0.0,0.0,0.0,0.0,0.0,1,0.0,0.0,0.0,0.0,0.0,0.0,0.0,0.0,0.0
struct_two_delim_alt.csv,1,0.0,0.0,0.0,0.5060240963855421,0.5060240963855421,0.5060240963855421,0.5,0.9,0.6428571428571429,1,0.0,0.0,0.0,0.4698795180722891,0.4642857142857143,0.467065868263473,0.5502645502645502,0.5437908496732026,0.5470085470085471,1,1.0,1.0,1.0,0.5060240963855421,0.5060240963855421,0.5060240963855421,0.5661375661375662,0.5661375661375662,0.5661375661375662,1,1.0,1.0,1.0,0.4939759036144578,0.4939759036144578,0.4939759036144578,0.5555555555555556,0.5555555555555556,0.5555555555555556,1,1.0,1.0,1.0,0.4578313253012048,0.4578313253012048,0.4578313253012048,0.496031746031746,0.7455268389662028,0.5957108816521048
struct_two_delim_block_split.csv,1,0.0,0.0,0.0,0.6506024096385542,0.6506024096385542,0.6506024096385542,0.6428571428571429,0.9418604651162792,0.7641509433962264,1,0.0,0.0,0.0,0.6265060240963856,0.6190476190476191,0.6227544910179641,0.6785714285714286,0.6705882352941176,0.6745562130177514,1,1.0,1.0,1.0,0.6506024096385542,0.6506024096385542,0.6506024096385542,0.6931216931216931,0.6931216931216931,0.6931216931216931,1,1.0,1.0,1.0,0.3493975903614458,0.3493975903614458,0.3493975903614458,0.4285714285714285,0.4285714285714285,0.4285714285714285,1,0.0,0.0,0.0,0.6506024096385542,0.6506024096385542,0.6506024096385542,0.6428571428571429,0.9418604651162792,0.7641509433962264
struct_two_delim_pipe.csv,1,0.0,0.0,0.0,0.5060240963855421,0.5060240963855421,0.5060240963855421,0.5,0.9,0.6428571428571429,1,0.0,0.0,0.0,0.4698795180722891,0.4642857142857143,0.467065868263473,0.5502645502645502,0.5437908496732026,0.5470085470085471,1,1.0,1.0,1.0,0.5060240963855421,0.5060240963855421,0.5060240963855421,0.5661375661375662,0.5661375661375662,0.5661375661375662,1,1.0,1.0,1.0,0.4939759036144578,0.4939759036144578,0.4939759036144578,0.5555555555555556,0.5555555555555556,0.5555555555555556,1,1.0,1.0,1.0,0.4578313253012048,0.4578313253012048,0.4578313253012048,0.496031746031746,0.7455268389662028,0.5957108816521048
struct_two_delim_tab_block.csv,1,0.0,0.0,0.0,0.5421686746987951,0.5421686746987951,0.5421686746987951,0.5357142857142857,0.9121621621621622,0.675,1,0.0,0.0,0.0,0.5180722891566265,0.5119047619047619,0.5149700598802395,0.5833333333333334,0.5764705882352941,0.5798816568047337,1,1.0,1.0,1.0,0.5421686746987951,0.5421686746987951,0.5421686746987951,0.5978835978835979,0.5978835978835979,0.5978835978835979,1,1.0,1.0,1.0,0.4578313253012048,0.4578313253012048,0.4578313253012048,0.5238095238095238,0.5238095238095238,0.5238095238095238,1,0.0,0.0,0.0,0.5421686746987951,0.5421686746987951,0.5421686746987951,0.5357142857142857,0.9121621621621622,0.675
struct_two_tables_blank_diff_cols.csv,1,1.0,1.0,1.0,1.0,0.494047619047619,0.6613545816733067,1.0,0.6428571428571429,0.782608695652174,1,1.0,1.0,1.0,0.927710843373494,0.4610778443113772,0.616,0.992063492063492,0.496031746031746,0.6613756613756614,1,1.0,1.0,1.0,1.0,0.497005988023952,0.6639999999999999,1.0,0.5,0.6666666666666666,1,1.0,1.0,1.0,1.0,0.497005988023952,0.6639999999999999,1.0,0.5,0.6666666666666666,1,1.0,1.0,1.0,0.927710843373494,0.4583333333333333,0.6135458167330677,0.992063492063492,0.637213254035684,0.7759958613554061
struct_two_tables_no_sep.csv,1,1.0,1.0,1.0,1.0,0.497005988023952,0.6639999999999999,1.0,0.5,0.6666666666666666,1,1.0,1.0,1.0,0.927710843373494,0.4610778443113772,0.616,0.992063492063492,0.496031746031746,0.6613756613756614,1,1.0,1.0,1.0,1.0,0.497005988023952,0.6639999999999999,1.0,0.5,0.6666666666666666,1,1.0,1.0,1.0,1.0,0.497005988023952,0.6639999999999999,1.0,0.5,0.6666666666666666,1,1.0,1.0,1.0,0.927710843373494,0.4610778443113772,0.616,0.992063492063492,0.4953764861294584,0.6607929515418502
struct_two_tables_no_sep_no_header.csv,1,1.0,1.0,1.0,1.0,0.5,0.6666666666666666,1.0,0.5029940119760479,0.6693227091633466,1,1.0,1.0,1.0,0.927710843373494,0.463855421686747,0.6184738955823293,0.992063492063492,0.499001996007984,0.6640106241699868,1,1.0,1.0,1.0,1.0,0.5,0.6666666666666666,1.0,0.5029940119760479,0.6693227091633466,1,1.0,1.0,1.0,1.0,0.5,0.6666666666666666,1.0,0.5029940119760479,0.6693227091633466,1,1.0,1.0,1.0,0.927710843373494,0.463855421686747,0.6184738955823293,0.992063492063492,0.4983388704318937,0.6634232640424591
struct_two_tables_no_sep_xml.csv,1,1.0,1.0,1.0,1.0,0.497005988023952,0.6639999999999999,1.0,0.5,0.6666666666666666,1,1.0,1.0,1.0,0.927710843373494,0.4610778443113772,0.616,0.992063492063492,0.496031746031746,0.6613756613756614,1,1.0,1.0,1.0,1.0,0.497005988023952,0.6639999999999999,1.0,0.5,0.6666666666666666,1,1.0,1.0,1.0,1.0,0.497005988023952,0.6639999999999999,1.0,0.5,0.6666666666666666,1,1.0,1.0,1.0,0.927710843373494,0.4610778443113772,0.616,0.992063492063492,0.4953764861294584,0.6607929515418502
struct_two_tables_overlap.csv,1,1.0,1.0,1.0,1.0,0.494047619047619,0.6613545816733067,1.0,0.5625,0.72,1,1.0,1.0,1.0,0.927710843373494,0.4610778443113772,0.616,0.992063492063492,0.496031746031746,0.6613756613756614,1,1.0,1.0,1.0,1.0,0.497005988023952,0.6639999999999999,1.0,0.5,0.6666666666666666,1,1.0,1.0,1.0,1.0,0.497005988023952,0.6639999999999999,1.0,0.5,0.6666666666666666,1,1.0,1.0,1.0,0.927710843373494,0.4583333333333333,0.6135458167330677,0.992063492063492,0.5572065378900446,0.7136060894386299
struct_undeclared_preamble_1.csv,1,0.0,0.0,0.0,1.0,0.988095238095238,0.9940119760479044,1.0,0.9973614775725592,0.998678996036988,1,0.0,0.0,0.0,0.927710843373494,0.9166666666666666,0.9221556886227544,0.992063492063492,0.9803921568627452,0.9861932938856016,1,1.0,1.0,1.0,1.0,0.988095238095238,0.9940119760479044,1.0,0.9882352941176472,0.9940828402366864,1,0.0,0.0,0.0,0.0,0.0,0.0,0.2222222222222222,0.9882352941176472,0.3628509719222462,1,0.0,0.0,0.0,0.927710843373494,0.9166666666666666,0.9221556886227544,0.992063492063492,0.9881422924901184,0.99009900990099
struct_undeclared_preamble_2.csv,1,0.0,0.0,0.0,1.0,0.976470588235294,0.988095238095238,1.0,0.9973614775725592,0.998678996036988,1,0.0,0.0,0.0,0.927710843373494,0.9058823529411764,0.9166666666666669,0.992063492063492,0.9689922480620154,0.9803921568627452,1,1.0,1.0,1.0,1.0,0.976470588235294,0.988095238095238,1.0,0.9767441860465116,0.988235294117647,1,0.0,0.0,0.0,0.0,0.0,0.0,0.0,0.0,0.0,1,0.0,0.0,0.0,0.927710843373494,0.9058823529411764,0.9166666666666669,0.992063492063492,0.9881422924901184,0.99009900990099
struct_undeclared_preamble_4.csv,1,0.0,0.0,0.0,1.0,0.9540229885057472,0.976470588235294,1.0,0.9717223650385604,0.9856584093872228,1,0.0,0.0,0.0,0.927710843373494,0.8850574712643678,0.9058823529411766,0.992063492063492,0.946969696969697,0.9689922480620156,1,1.0,1.0,1.0,1.0,0.9540229885057472,0.976470588235294,1.0,0.9545454545454546,0.9767441860465116,1,0.0,0.0,0.0,0.0,0.0,0.0,0.0,0.0,0.0,1,0.0,0.0,0.0,0.927710843373494,0.8850574712643678,0.9058823529411766,0.992063492063492,0.962772785622593,0.977198697068404
struct_undeclared_preamble_metadata.csv,1,0.0,0.0,0.0,1.0,0.9651162790697676,0.9822485207100592,1.0,0.9908256880733946,0.9953917050691244,1,0.0,0.0,0.0,0.927710843373494,0.8953488372093024,0.9112426035502958,0.992063492063492,0.9578544061302682,0.9746588693957114,1,1.0,1.0,1.0,1.0,0.9651162790697676,0.9822485207100592,1.0,0.9655172413793104,0.9824561403508772,1,0.0,0.0,0.0,0.0,0.0,0.0,0.0,0.0,0.0,1,0.0,0.0,0.0,0.927710843373494,0.8953488372093024,0.9112426035502958,0.992063492063492,0.981675392670157,0.986842105263158
struct_var_col_count_5_7.csv,1,1.0,1.0,1.0,0.5060240963855421,0.5060240963855421,0.5060240963855421,0.8915343915343915,1.0,0.9426573426573426,1,1.0,1.0,1.0,0.4698795180722891,0.4698795180722891,0.4698795180722891,0.8875661375661376,0.8875661375661376,0.8875661375661376,1,1.0,1.0,1.0,0.5060240963855421,0.5060240963855421,0.5060240963855421,0.8915343915343915,0.8915343915343915,0.8915343915343915,1,1.0,1.0,1.0,0.5060240963855421,0.5060240963855421,0.5060240963855421,0.8915343915343915,0.8915343915343915,0.8915343915343915,1,1.0,1.0,1.0,0.4698795180722891,0.4698795180722891,0.4698795180722891,0.8875661375661376,0.9955489614243324,0.9384615384615383
dialect_combo_comma_space_with_cp1252.csv,0,0.0,0.0,0.0,0.0,0.0,0.0,0.0,0.0,0.0,1,1.0,1.0,1.0,0.0,0.0,0.0,0.4523809523809524,0.4871794871794871,0.4691358024691358,1,1.0,1.0,1.0,0.0,0.0,0.0,0.3584656084656085,0.386039886039886,0.3717421124828532,0,0.0,0.0,0.0,0.0,0.0,0.0,0.0,0.0,0.0,0,0.0,0.0,0.0,0.0,0.0,0.0,0.0,0.0,0.0
dialect_combo_preamble_and_multi_header.csv,1,0.0,0.0,0.0,1.0,0.9540229885057472,0.976470588235294,0.988095238095238,0.97265625,0.9803149606299212,1,0.0,0.0,0.0,0.927710843373494,0.8850574712643678,0.9058823529411766,0.98015873015873,0.9356060606060606,0.9573643410852712,1,1.0,1.0,1.0,1.0,0.9540229885057472,0.976470588235294,1.0,0.9545454545454546,0.9767441860465116,1,0.0,0.0,0.0,0.0,0.0,0.0,0.0,0.0,0.0,1,0.0,0.0,0.0,0.927710843373494,0.8850574712643678,0.9058823529411766,0.98015873015873,0.9635890767230167,0.9718032786885248
dialect_combo_quote_single_escape_backslash.csv,1,0.7777777777777778,0.7777777777777778,0.7777777777777778,0.0,0.0,0.0,0.7354497354497355,0.6056644880174292,0.6642771804062128,1,1.0,0.8181818181818182,0.9,0.7108433734939759,0.7108433734939759,0.7108433734939759,0.9642857142857144,0.788961038961039,0.8678571428571429,1,1.0,1.0,1.0,0.0,0.0,0.0,0.6415343915343915,0.6415343915343915,0.6415343915343915,1,0.7777777777777778,0.7777777777777778,0.7777777777777778,0.0,0.0,0.0,0.1018518518518518,0.7777777777777778,0.1801169590643274,1,1.0,1.0,1.0,0.5903614457831325,0.5903614457831325,0.5903614457831325,0.9444444444444444,0.9049429657794676,0.9242718446601942
dialect_combo_utf16le_semicolon.csv,0,0.0,0.0,0.0,0.0,0.0,0.0,0.0,0.0,0.0,1,0.0,0.0,0.0,0.0,0.0,0.0,0.1097883597883597,0.2455621301775148,0.1517367458866544,1,1.0,1.0,1.0,0.0,0.0,0.0,0.1216931216931216,0.0604865220249835,0.0808080808080808,1,0.0,0.0,0.0,0.0,0.0,0.0,0.1097883597883597,0.8645833333333334,0.1948356807511737,1,0.0,0.0,0.0,0.0,0.0,0.0,0.1984126984126984,0.0326512842838484,0.0560747663551401
dialect_delim_lies_comma_actual_comma_space.csv,1,0.1111111111111111,0.1111111111111111,0.1111111111111111,0.0,0.0,0.0,0.1111111111111111,0.1111111111111111,0.1111111111111111,1,1.0,1.0,1.0,0.0,0.0,0.0,0.4854497354497354,0.4854497354497354,0.4854497354497354,1,1.0,1.0,1.0,0.0,0.0,0.0,0.3835978835978836,0.3835978835978836,0.3835978835978836,1,0.1111111111111111,0.1111111111111111,0.1111111111111111,0.0,0.0,0.0,0.0145502645502645,0.1111111111111111,0.0257309941520467,1,1.0,1.0,1.0,0.927710843373494,0.927710843373494,0.927710843373494,0.992063492063492,0.9907529722589168,0.991407799074686
dialect_delim_lies_comma_actual_double_pipe.csv,1,1.0,0.5294117647058824,0.6923076923076924,1.0,1.0,1.0,1.0,0.5294117647058824,0.6923076923076924,1,1.0,0.5294117647058824,0.6923076923076924,0.927710843373494,0.927710843373494,0.927710843373494,0.992063492063492,0.5252100840336135,0.6868131868131869,1,1.0,1.0,1.0,0.0,0.0,0.0,0.1216931216931216,0.1216931216931216,0.1216931216931216,1,0.0,0.0,0.0,0.0,0.0,0.0,0.0,0.0,0.0,1,1.0,0.5294117647058824,0.6923076923076924,1.0,1.0,1.0,1.0,0.5294117647058824,0.6923076923076924
dialect_delim_lies_comma_actual_nul.csv,0,0.0,0.0,0.0,0.0,0.0,0.0,0.0,0.0,0.0,1,0.1111111111111111,0.1428571428571428,0.125,0.0,0.0,0.0,0.1111111111111111,0.1428571428571428,0.125,1,1.0,1.0,1.0,0.0,0.0,0.0,0.1216931216931216,0.1216931216931216,0.1216931216931216,1,0.1111111111111111,1.0,0.1999999999999999,0.0,0.0,0.0,0.0145502645502645,1.0,0.0286831812255541,1,1.0,1.0,1.0,1.0,1.0,1.0,1.0,1.0,1.0
dialect_delim_lies_comma_actual_pipe.csv,1,1.0,1.0,1.0,1.0,1.0,1.0,1.0,1.0,1.0,1,1.0,1.0,1.0,0.927710843373494,0.927710843373494,0.927710843373494,0.992063492063492,0.992063492063492,0.992063492063492,1,1.0,1.0,1.0,0.0,0.0,0.0,0.1216931216931216,0.1216931216931216,0.1216931216931216,1,0.0,0.0,0.0,0.0,0.0,0.0,0.0,0.0,0.0,1,1.0,1.0,1.0,1.0,1.0,1.0,1.0,1.0,1.0
dialect_delim_lies_comma_actual_semicolon.csv,1,1.0,1.0,1.0,1.0,1.0,1.0,1.0,1.0,1.0,1,1.0,1.0,1.0,0.927710843373494,0.927710843373494,0.927710843373494,0.992063492063492,0.992063492063492,0.992063492063492,1,1.0,1.0,1.0,0.0,0.0,0.0,0.1216931216931216,0.1216931216931216,0.1216931216931216,1,0.0,0.0,0.0,0.0,0.0,0.0,0.0,0.0,0.0,1,1.0,1.0,1.0,1.0,1.0,1.0,1.0,1.0,1.0
dialect_delim_lies_comma_actual_tab.csv,1,1.0,1.0,1.0,1.0,1.0,1.0,1.0,1.0,1.0,1,1.0,1.0,1.0,0.927710843373494,0.927710843373494,0.927710843373494,0.992063492063492,0.992063492063492,0.992063492063492,1,1.0,1.0,1.0,0.0,0.0,0.0,0.1216931216931216,0.1216931216931216,0.1216931216931216,1,0.0,0.0,0.0,0.0,0.0,0.0,0.0,0.0,0.0,1,1.0,1.0,1.0,1.0,1.0,1.0,1.0,1.0,1.0
dialect_delim_lies_comma_space_actual_comma.csv,1,1.0,1.0,1.0,1.0,1.0,1.0,1.0,1.0,1.0,1,1.0,1.0,1.0,0.927710843373494,0.927710843373494,0.927710843373494,0.992063492063492,0.992063492063492,0.992063492063492,1,1.0,1.0,1.0,0.0,0.0,0.0,0.1216931216931216,0.1216931216931216,0.1216931216931216,1,1.0,1.0,1.0,1.0,1.0,1.0,1.0,1.0,1.0,1,1.0,1.0,1.0,0.927710843373494,0.927710843373494,0.927710843373494,0.992063492063492,0.9907529722589168,0.991407799074686
dialect_delim_lies_semicolon_actual_comma.csv,1,1.0,1.0,1.0,1.0,1.0,1.0,1.0,1.0,1.0,1,1.0,1.0,1.0,0.927710843373494,0.927710843373494,0.927710843373494,0.992063492063492,0.992063492063492,0.992063492063492,1,1.0,1.0,1.0,0.0,0.0,0.0,0.1216931216931216,0.1216931216931216,0.1216931216931216,1,1.0,1.0,1.0,1.0,1.0,1.0,1.0,1.0,1.0,1,1.0,1.0,1.0,0.927710843373494,0.927710843373494,0.927710843373494,0.992063492063492,0.9907529722589168,0.991407799074686
dialect_delim_lies_tab_actual_comma.csv,1,1.0,1.0,1.0,1.0,1.0,1.0,1.0,1.0,1.0,1,1.0,1.0,1.0,0.927710843373494,0.927710843373494,0.927710843373494,0.992063492063492,0.992063492063492,0.992063492063492,1,1.0,1.0,1.0,0.0,0.0,0.0,0.1216931216931216,0.1216931216931216,0.1216931216931216,1,1.0,1.0,1.0,1.0,1.0,1.0,1.0,1.0,1.0,1,1.0,1.0,1.0,0.927710843373494,0.927710843373494,0.927710843373494,0.992063492063492,0.9907529722589168,0.991407799074686
dialect_delim_subtle_half_semicolon.csv,1,1.0,1.0,1.0,0.5060240963855421,0.5060240963855421,0.5060240963855421,0.5119047619047619,0.9042056074766356,0.6537162162162162,1,0.0,0.0,0.0,0.4578313253012048,0.4523809523809524,0.4550898203592814,0.5396825396825397,0.5333333333333333,0.5364891518737672,1,1.0,1.0,1.0,0.5060240963855421,0.5060240963855421,0.5060240963855421,0.5661375661375662,0.5661375661375662,0.5661375661375662,1,1.0,1.0,1.0,0.5060240963855421,0.5060240963855421,0.5060240963855421,0.5661375661375662,0.5661375661375662,0.5661375661375662,1,0.0,0.0,0.0,0.4939759036144578,0.4939759036144578,0.4939759036144578,0.4880952380952381,0.8956310679611651,0.6318493150684932
dialect_delim_subtle_mostly_comma_some_semicolon.csv,1,1.0,1.0,1.0,0.9036144578313252,0.9036144578313252,0.9036144578313252,0.9047619047619048,0.9884393063583816,0.9447513812154696,1,0.0,0.0,0.0,0.0843373493975903,0.0833333333333333,0.0838323353293413,0.1931216931216931,0.1908496732026143,0.1919789612097304,1,1.0,1.0,1.0,0.9036144578313252,0.9036144578313252,0.9036144578313252,0.9153439153439152,0.9153439153439152,0.9153439153439152,1,1.0,1.0,1.0,0.9036144578313252,0.9036144578313252,0.9036144578313252,0.9153439153439152,0.9153439153439152,0.9153439153439152,1,1.0,1.0,1.0,0.8433734939759037,0.8433734939759037,0.8433734939759037,0.8981481481481481,0.9631205673758864,0.9295003422313484
dialect_encoding_bom_utf8_lies_utf16le.csv,0,0.0,0.0,0.0,0.0,0.0,0.0,0.0,0.0,0.0,1,1.0,1.0,1.0,0.927710843373494,0.927710843373494,0.927710843373494,0.992063492063492,0.992063492063492,0.992063492063492,1,1.0,1.0,1.0,1.0,1.0,1.0,1.0,1.0,1.0,0,0.0,0.0,0.0,0.0,0.0,0.0,0.0,0.0,0.0,0,0.0,0.0,0.0,0.0,0.0,0.0,0.0,0.0,0.0
dialect_encoding_lies_ascii_actual_cp1252.csv,0,0.0,0.0,0.0,0.0,0.0,0.0,0.0,0.0,0.0,1,1.0,1.0,1.0,0.8554216867469879,0.922077922077922,0.8875,0.9206349206349206,0.9914529914529916,0.954732510288066,1,1.0,1.0,1.0,0.927710843373494,1.0,0.9625,0.9285714285714286,1.0,0.962962962962963,0,0.0,0.0,0.0,0.0,0.0,0.0,0.0,0.0,0.0,0,0.0,0.0,0.0,0.0,0.0,0.0,0.0,0.0,0.0
dialect_encoding_lies_ascii_actual_utf8.csv,0,0.0,0.0,0.0,0.0,0.0,0.0,0.0,0.0,0.0,1,1.0,1.0,1.0,0.927710843373494,0.927710843373494,0.927710843373494,0.992063492063492,0.992063492063492,0.992063492063492,1,1.0,1.0,1.0,1.0,1.0,1.0,1.0,1.0,1.0,0,0.0,0.0,0.0,0.0,0.0,0.0,0.0,0.0,0.0,0,0.0,0.0,0.0,0.0,0.0,0.0,0.0,0.0,0.0
dialect_encoding_lies_latin1_actual_utf8.csv,1,1.0,1.0,1.0,0.927710843373494,0.927710843373494,0.927710843373494,0.992063492063492,0.992063492063492,0.992063492063492,1,1.0,1.0,1.0,0.927710843373494,0.927710843373494,0.927710843373494,0.992063492063492,0.992063492063492,0.992063492063492,1,1.0,1.0,1.0,1.0,1.0,1.0,1.0,1.0,1.0,1,1.0,1.0,1.0,0.927710843373494,0.927710843373494,0.927710843373494,0.992063492063492,0.992063492063492,0.992063492063492,1,1.0,1.0,1.0,0.8554216867469879,0.8554216867469879,0.8554216867469879,0.984126984126984,0.9828269484808454,0.9834765366820888
dialect_encoding_lies_utf8_actual_big5.csv,0,0.0,0.0,0.0,0.0,0.0,0.0,0.0,0.0,0.0,1,0.0,0.0,0.0,0.8554216867469879,0.8554216867469879,0.8554216867469879,0.9722222222222222,0.9722222222222222,0.9722222222222222,1,1.0,1.0,1.0,0.927710843373494,0.927710843373494,0.927710843373494,0.992063492063492,0.992063492063492,0.992063492063492,0,0.0,0.0,0.0,0.0,0.0,0.0,0.0,0.0,0.0,0,0.0,0.0,0.0,0.0,0.0,0.0,0.0,0.0,0.0
dialect_encoding_lies_utf8_actual_utf16be.csv,0,0.0,0.0,0.0,0.0,0.0,0.0,0.0,0.0,0.0,1,0.0,0.0,0.0,0.0,0.0,0.0,0.1097883597883597,0.070578231292517,0.0859213250517598,1,1.0,1.0,1.0,0.0,0.0,0.0,0.1216931216931216,0.0608465608465608,0.0811287477954144,1,0.0,0.0,0.0,0.0,0.0,0.0,0.1097883597883597,0.0970760233918128,0.1030415890751086,1,0.0,0.0,0.0,0.0,0.0,0.0,0.1984126984126984,0.0326583932070542,0.0560852495793606
dialect_encoding_lies_utf8_actual_utf16le.csv,0,0.0,0.0,0.0,0.0,0.0,0.0,0.0,0.0,0.0,1,0.0,0.0,0.0,0.0,0.0,0.0,0.1097883597883597,0.0613905325443787,0.0787476280834914,1,1.0,1.0,1.0,0.0,0.0,0.0,0.1216931216931216,0.0604865220249835,0.0808080808080808,1,0.0,0.0,0.0,0.0,0.0,0.0,0.1097883597883597,0.0960648148148148,0.1024691358024691,1,0.0,0.0,0.0,0.0,0.0,0.0,0.1984126984126984,0.0326512842838484,0.0560747663551401
dialect_escape_lies_doubled_actual_backslash.csv,1,1.0,1.0,1.0,1.0,1.0,1.0,1.0,1.0,1.0,1,1.0,0.8181818181818182,0.9,0.927710843373494,0.927710843373494,0.927710843373494,0.9854497354497356,0.8062770562770563,0.8869047619047619,1,1.0,1.0,1.0,0.927710843373494,0.927710843373494,0.927710843373494,0.9775132275132276,0.9775132275132276,0.9775132275132276,1,1.0,1.0,1.0,0.927710843373494,0.9506172839506172,0.9390243902439024,0.9682539682539684,0.991869918699187,0.9799196787148594,1,1.0,1.0,1.0,0.927710843373494,0.927710843373494,0.927710843373494,0.992063492063492,0.9907529722589168,0.991407799074686
dialect_header_lies_one_actual_two.csv,1,0.0,0.0,0.0,1.0,0.988095238095238,0.9940119760479044,0.988095238095238,0.976470588235294,0.9822485207100592,1,0.0,0.0,0.0,0.927710843373494,0.9166666666666666,0.9221556886227544,0.98015873015873,0.9686274509803922,0.9743589743589745,1,1.0,1.0,1.0,1.0,0.988095238095238,0.9940119760479044,1.0,0.9882352941176472,0.9940828402366864,1,0.0,0.0,0.0,1.0,0.988095238095238,0.9940119760479044,0.988095238095238,0.976470588235294,0.9822485207100592,1,0.0,0.0,0.0,0.927710843373494,0.9166666666666666,0.9221556886227544,0.98015873015873,0.9673629242819844,0.973718791064389
dialect_header_lies_one_actual_zero.csv,1,1.0,1.0,1.0,1.0,1.0,1.0,1.0,1.0,1.0,1,1.0,1.0,1.0,0.927710843373494,0.927710843373494,0.927710843373494,0.992063492063492,0.992063492063492,0.992063492063492,1,0.0,0.0,0.0,1.0,1.0,1.0,0.988095238095238,0.988095238095238,0.988095238095238,1,1.0,1.0,1.0,1.0,1.0,1.0,1.0,1.0,1.0,1,1.0,1.0,1.0,0.927710843373494,0.927710843373494,0.927710843373494,0.992063492063492,0.9907529722589168,0.991407799074686
dialect_ncols_lies_nine_actual_seven.csv,1,1.0,1.0,1.0,1.0,1.0,1.0,1.0,1.0,1.0,1,1.0,1.0,1.0,0.927710843373494,0.927710843373494,0.927710843373494,0.9897959183673468,0.9897959183673468,0.9897959183673468,1,1.0,1.0,1.0,1.0,1.0,1.0,1.0,1.0,1.0,1,1.0,1.0,1.0,1.0,1.0,1.0,1.0,1.0,1.0,1,1.0,1.0,1.0,0.927710843373494,0.927710843373494,0.927710843373494,0.9897959183673468,0.9881154499151104,0.9889549702633816
dialect_preamble_lies_ten_actual_zero.csv,1,1.0,1.0,1.0,1.0,1.0,1.0,1.0,1.0,1.0,1,1.0,1.0,1.0,0.927710843373494,0.927710843373494,0.927710843373494,0.992063492063492,0.992063492063492,0.992063492063492,1,1.0,1.0,1.0,0.8795180722891566,1.0,0.935897435897436,0.8809523809523809,1.0,0.9367088607594936,1,0.0,0.0,0.0,0.8795180722891566,1.0,0.935897435897436,0.8796296296296297,0.9984984984984984,0.9353023909985936,1,1.0,1.0,1.0,0.927710843373494,0.927710843373494,0.927710843373494,0.992063492063492,0.9907529722589168,0.991407799074686
dialect_preamble_lies_zero_actual_three.csv,1,0.0,0.0,0.0,1.0,0.9651162790697676,0.9822485207100592,1.0,0.9960474308300395,0.998019801980198,1,0.0,0.0,0.0,0.927710843373494,0.8953488372093024,0.9112426035502958,0.992063492063492,0.9578544061302682,0.9746588693957114,1,1.0,1.0,1.0,1.0,0.9651162790697676,0.9822485207100592,1.0,0.9655172413793104,0.9824561403508772,1,0.0,0.0,0.0,0.0,0.0,0.0,0.0,0.0,0.0,1,0.0,0.0,0.0,0.927710843373494,0.8953488372093024,0.9112426035502958,0.992063492063492,0.986842105263158,0.9894459102902374
dialect_quote_lies_double_actual_brackets.csv,1,0.7777777777777778,0.7777777777777778,0.7777777777777778,0.0,0.0,0.0,0.7354497354497355,0.6056644880174292,0.6642771804062128,1,0.7777777777777778,0.4666666666666667,0.5833333333333334,0.0,0.0,0.0,0.7354497354497355,0.4412698412698412,0.5515873015873015,1,1.0,1.0,1.0,0.0,0.0,0.0,0.6415343915343915,0.6415343915343915,0.6415343915343915,1,0.7777777777777778,0.7777777777777778,0.7777777777777778,0.0,0.0,0.0,0.1018518518518518,0.7777777777777778,0.1801169590643274,1,0.0,0.0,0.0,0.0,0.0,0.0,0.0,0.0,0.0
dialect_quote_lies_double_actual_single.csv,1,0.7777777777777778,0.7777777777777778,0.7777777777777778,0.0,0.0,0.0,0.7354497354497355,0.6056644880174292,0.6642771804062128,1,1.0,0.8181818181818182,0.9,0.7108433734939759,0.7108433734939759,0.7108433734939759,0.9642857142857144,0.788961038961039,0.8678571428571429,1,1.0,1.0,1.0,0.0,0.0,0.0,0.6415343915343915,0.6415343915343915,0.6415343915343915,1,0.7777777777777778,0.7777777777777778,0.7777777777777778,0.0,0.0,0.0,0.1018518518518518,0.7777777777777778,0.1801169590643274,1,1.0,1.0,1.0,0.5903614457831325,0.5903614457831325,0.5903614457831325,0.9457671957671958,0.906210392902408,0.9255663430420712
dialect_quote_lies_single_actual_double.csv,1,1.0,1.0,1.0,1.0,1.0,1.0,1.0,1.0,1.0,1,1.0,1.0,1.0,0.927710843373494,0.927710843373494,0.927710843373494,0.992063492063492,0.992063492063492,0.992063492063492,1,1.0,1.0,1.0,0.0,0.0,0.0,0.6415343915343915,0.6415343915343915,0.6415343915343915,1,0.7777777777777778,0.7777777777777778,0.7777777777777778,0.0,0.0,0.0,0.1018518518518518,0.7777777777777778,0.1801169590643274,1,1.0,1.0,1.0,0.927710843373494,0.927710843373494,0.927710843373494,0.992063492063492,0.9907529722589168,0.991407799074686
